Data;Altezza_neve_cm
1992-01-01;141.0
1992-01-02;139.5
1992-01-03;138.3
1992-01-04;137.3
1992-01-05;136.8
1992-01-06;135.6
1992-01-07;134.7
1992-01-08;134.3
1992-01-09;134.4
1992-01-10;144.3
1992-01-11;146.2
1992-01-12;142.2
1992-01-13;141.8
1992-01-14;140.1
1992-01-15;139.0
1992-01-16;137.4
1992-01-17;136.4
1992-01-18;134.9
1992-01-19;135.0
1992-01-20;135.4
1992-01-21;135.2
1992-01-22;135.1
1992-01-23;136.0
1992-01-24;136.3
1992-01-25;135.5
1992-01-26;135.2
1992-01-27;134.6
1992-01-28;134.1
1992-01-29;134.0
1992-01-30;132.2
1992-01-31;131.5
1992-02-01;131.9
1992-02-02;132.0
1992-02-03;135.7
1992-02-04;152.7
1992-02-05;166.3
1992-02-06;162.3
1992-02-07;160.1
1992-02-08;158.8
1992-02-09;157.6
1992-02-10;161.2
1992-02-11;162.1
1992-02-12;160.8
1992-02-13;162.6
1992-02-14;169.0
1992-02-15;167.2
1992-02-16;169.9
1992-02-17;173.6
1992-02-18;172.0
1992-02-19;170.4
1992-02-20;169.8
1992-02-21;169.6
1992-02-22;168.4
1992-02-23;168.6
1992-02-24;167.2
1992-02-25;167.3
1992-02-26;167.3
1992-02-27;166.7
1992-02-28;166.2
1992-02-29;165.5
1992-03-01;165.5
1992-03-02;165.4
1992-03-03;165.3
1992-03-04;164.6
1992-03-05;164.4
1992-03-06;164.3
1992-03-07;163.0
1992-03-08;162.7
1992-03-09;162.3
1992-03-10;163.5
1992-03-11;164.1
1992-03-12;163.4
1992-03-13;163.6
1992-03-14;163.4
1992-03-15;164.1
1992-03-16;180.0
1992-03-17;178.9
1992-03-18;176.7
1992-03-19;175.4
1992-03-20;174.3
1992-03-21;172.0
1992-03-22;178.4
1992-03-23;190.7
1992-03-24;211.6
1992-03-25;211.0
1992-03-26;208.7
1992-03-27;202.6
1992-03-28;200.1
1992-03-29;196.7
1992-03-30;198.8
1992-03-31;209.6
1992-04-01;228.5
1992-04-02;222.4
1992-04-03;220.7
1992-04-04;230.3
1992-04-05;240.7
1992-04-06;236.7
1992-04-07;241.1
1992-04-08;235.8
1992-04-09;229.1
1992-04-10;224.6
1992-04-11;222.4
1992-04-12;220.6
1992-04-13;223.0
1992-04-14;222.2
1992-04-15;226.5
1992-04-16;237.3
1992-04-17;240.3
1992-04-18;235.5
1992-04-19;231.4
1992-04-20;227.4
1992-04-21;224.4
1992-04-22;220.8
1992-04-23;218.0
1992-04-24;216.0
1992-04-25;211.2
1992-04-26;204.8
1992-04-27;198.6
1992-04-28;196.6
1992-04-29;223.2
1992-04-30;225.4
1992-05-01;215.5
1992-05-02;209.8
1992-05-03;204.8
1992-05-04;201.9
1992-05-05;197.9
1992-05-06;193.7
1992-05-07;188.5
1992-05-08;184.0
1992-05-09;177.1
1992-05-10;172.6
1992-05-11;169.3
1992-05-12;164.4
1992-05-13;160.3
1992-05-14;155.5
1992-05-15;149.8
1992-05-16;142.7
1992-05-17;135.1
1992-05-18;128.8
1992-05-19;122.6
1992-05-20;122.2
1992-05-21;118.5
1992-05-22;117.0
1992-05-23;113.8
1992-05-24;109.6
1992-05-25;103.6
1992-05-26;97.1
1992-05-27;90.3
1992-05-28;84.5
1992-05-29;79.3
1992-05-30;72.1
1992-05-31;66.7
1992-06-01;60.7
1992-06-02;55.5
1992-06-03;49.1
1992-06-04;41.8
1992-06-05;34.4
1992-06-06;37.2
1992-06-07;33.3
1992-06-08;30.0
1992-06-09;23.6
1992-06-10;18.9
1992-06-11;14.6
1992-06-12;6.9
1992-06-19;6.6
1992-09-01;7.3
1992-10-03;6.9
1992-10-04;7.7
1992-10-05;9.6
1992-10-06;10.9
1992-10-07;8.4
1992-10-08;5.7
1992-10-09;6.6
1992-10-13;1.0
1992-10-14;1.5
1992-10-15;1.2
1992-10-16;1.5
1992-10-17;10.5
1992-10-18;17.3
1992-10-19;18.5
1992-10-20;20.1
1992-10-21;32.2
1992-10-22;46.5
1992-10-23;41.5
1992-10-24;41.7
1992-10-25;44.1
1992-10-26;62.3
1992-10-27;65.5
1992-10-28;63.6
1992-10-29;71.8
1992-10-30;71.8
1992-10-31;72.4
1992-11-01;69.1
1992-11-02;64.8
1992-11-03;64.7
1992-11-04;63.8
1992-11-05;61.8
1992-11-06;58.2
1992-11-07;57.2
1992-11-08;57.6
1992-11-09;57.1
1992-11-10;56.5
1992-11-11;55.3
1992-11-12;60.3
1992-11-13;61.3
1992-11-14;61.1
1992-11-15;62.5
1992-11-16;88.5
1992-11-17;100.8
1992-11-18;98.3
1992-11-19;98.3
1992-11-20;99.6
1992-11-21;103.5
1992-11-22;101.4
1992-11-23;95.6
1992-11-24;92.9
1992-11-25;92.0
1992-11-26;91.3
1992-11-27;90.4
1992-11-28;90.1
1992-11-29;89.9
1992-11-30;87.5
1992-12-01;86.3
1992-12-02;88.6
1992-12-03;101.0
1992-12-04;110.6
1992-12-05;135.1
1992-12-06;157.7
1992-12-07;152.4
1992-12-08;155.5
1992-12-10;148.1
1992-12-11;144.6
1992-12-12;147.3
1992-12-13;159.8
1992-12-14;156.1
1992-12-15;153.7
1992-12-16;151.8
1992-12-17;149.5
1992-12-18;148.4
1992-12-19;147.0
1992-12-20;146.0
1992-12-21;145.1
1992-12-22;144.2
1992-12-23;143.6
1992-12-24;142.7
1992-12-25;142.2
1992-12-26;141.3
1992-12-27;140.9
1992-12-28;140.8
1992-12-29;140.6
1992-12-30;140.3
1992-12-31;140.1
1993-01-01;140.0
1993-01-02;139.1
1993-01-03;138.9
1993-01-04;138.9
1993-01-05;139.0
1993-01-06;138.9
1993-01-07;139.1
1993-01-08;139.0
1993-01-09;138.7
1993-01-10;138.4
1993-01-11;138.7
1993-01-12;138.7
1993-01-13;138.4
1993-01-14;137.6
1993-01-15;139.0
1993-01-16;138.9
1993-01-17;139.1
1993-01-18;139.1
1993-01-19;139.2
1993-01-20;138.4
1993-01-21;136.7
1993-01-22;136.8
1993-01-23;137.1
1993-01-24;137.0
1993-01-25;142.0
1993-01-26;145.4
1993-01-27;154.6
1993-01-28;153.5
1993-01-29;151.9
1993-01-30;151.1
1993-01-31;151.1
1993-02-01;150.1
1993-02-02;150.4
1993-02-03;150.8
1993-02-04;151.0
1993-02-05;150.6
1993-02-06;150.2
1993-02-07;150.3
1993-02-08;149.6
1993-02-09;149.6
1993-02-10;149.6
1993-02-11;149.2
1993-02-12;149.3
1993-02-13;148.9
1993-02-14;148.8
1993-02-15;149.0
1993-02-16;148.3
1993-02-17;148.1
1993-02-18;147.2
1993-02-19;146.5
1993-02-20;147.2
1993-02-21;154.1
1993-02-22;157.9
1993-02-23;154.0
1993-02-24;152.6
1993-02-25;148.8
1993-02-26;149.0
1993-02-27;147.7
1993-02-28;150.9
1993-03-01;151.1
1993-03-02;151.0
1993-03-03;154.0
1993-03-04;160.2
1993-03-05;166.5
1993-03-06;166.0
1993-03-07;165.2
1993-03-08;164.2
1993-03-09;164.0
1993-03-10;163.9
1993-03-11;163.8
1993-03-12;163.4
1993-03-13;163.5
1993-03-14;163.3
1993-03-15;163.3
1993-03-16;163.6
1993-03-17;163.8
1993-03-18;162.4
1993-03-19;160.9
1993-03-20;159.7
1993-03-21;158.8
1993-03-22;157.5
1993-03-23;157.4
1993-03-24;159.6
1993-03-25;177.1
1993-03-26;180.3
1993-03-27;178.1
1993-03-28;173.4
1993-03-29;172.5
1993-03-30;172.3
1993-03-31;170.6
1993-04-01;170.5
1993-04-02;169.8
1993-04-03;170.1
1993-04-04;173.9
1993-04-05;189.5
1993-04-06;189.2
1993-04-07;187.2
1993-04-08;186.9
1993-04-09;184.1
1993-04-10;185.4
1993-04-11;188.2
1993-04-12;192.5
1993-04-13;196.9
1993-04-14;195.6
1993-04-15;193.6
1993-04-16;191.8
1993-04-17;190.6
1993-04-18;188.9
1993-04-19;186.4
1993-04-20;182.6
1993-04-21;177.6
1993-04-22;173.3
1993-04-23;170.7
1993-04-24;169.1
1993-04-25;168.2
1993-04-26;166.0
1993-04-27;160.3
1993-04-28;157.2
1993-04-29;153.6
1993-04-30;151.8
1993-05-01;150.2
1993-05-02;147.3
1993-05-03;144.8
1993-05-04;140.5
1993-05-05;138.0
1993-05-06;136.2
1993-05-07;133.6
1993-05-08;128.1
1993-05-09;122.4
1993-05-10;116.5
1993-05-11;112.8
1993-05-12;108.5
1993-05-13;105.2
1993-05-14;102.2
1993-05-15;98.4
1993-05-16;93.5
1993-05-17;87.9
1993-05-18;82.7
1993-05-19;76.0
1993-05-20;69.4
1993-05-21;67.7
1993-05-22;65.4
1993-05-23;58.1
1993-05-24;49.5
1993-05-25;38.2
1993-05-26;25.7
1993-05-27;15.4
1993-05-28;10.2
1993-05-29;5.9
1993-07-11;5.0
1993-09-28;5.9
1993-09-29;5.6
1993-09-30;1.8
1993-10-01;5.0
1993-10-02;26.2
1993-10-03;39.4
1993-10-04;33.1
1993-10-05;29.5
1993-10-06;20.4
1993-10-07;16.5
1993-10-08;23.1
1993-10-09;27.3
1993-10-10;26.1
1993-10-11;24.5
1993-10-12;17.9
1993-10-13;11.5
1993-10-14;4.9
1993-10-15;3.7
1993-10-16;3.9
1993-10-19;5.0
1993-10-20;3.3
1993-10-21;9.5
1993-10-22;51.9
1993-10-23;48.2
1993-10-24;50.1
1993-10-25;48.5
1993-10-26;45.6
1993-10-27;44.4
1993-10-28;42.8
1993-10-29;41.0
1993-10-30;40.0
1993-10-31;39.5
1993-11-01;38.0
1993-11-02;33.5
1993-11-03;30.8
1993-11-04;30.5
1993-11-05;30.4
1993-11-06;31.3
1993-11-07;36.6
1993-11-08;35.9
1993-11-09;34.9
1993-11-10;33.7
1993-11-11;33.3
1993-11-12;38.2
1993-11-13;40.4
1993-11-14;40.6
1993-11-15;45.3
1993-11-16;52.1
1993-11-17;50.2
1993-11-18;50.8
1993-11-19;50.8
1993-11-20;50.3
1993-11-21;52.8
1993-11-22;53.6
1993-11-23;53.5
1993-11-24;52.3
1993-11-25;50.5
1993-11-26;50.5
1993-11-27;50.2
1993-11-28;49.8
1993-11-29;50.6
1993-11-30;50.7
1993-12-01;51.2
1993-12-02;51.6
1993-12-03;50.9
1993-12-04;50.5
1993-12-05;51.4
1993-12-06;51.1
1993-12-07;51.8
1993-12-08;53.7
1993-12-09;58.2
1993-12-10;61.6
1993-12-11;64.0
1993-12-12;67.5
1993-12-13;66.7
1993-12-14;76.0
1993-12-15;78.7
1993-12-16;80.4
1993-12-17;80.9
1993-12-18;79.1
1993-12-19;78.2
1993-12-20;76.9
1993-12-21;75.7
1993-12-22;75.0
1993-12-23;74.6
1993-12-24;95.5
1993-12-25;110.2
1993-12-26;106.5
1993-12-27;106.9
1993-12-28;103.0
1993-12-29;101.4
1993-12-30;100.6
1993-12-31;99.2
1994-01-01;128.0
1994-01-02;131.0
1994-01-03;137.3
1994-01-04;137.7
1994-01-05;136.0
1994-01-06;127.4
1994-01-07;125.9
1994-01-08;144.9
1994-01-09;140.7
1994-01-10;137.4
1994-01-11;134.3
1994-01-12;133.8
1994-01-13;131.5
1994-01-14;129.4
1994-01-15;128.0
1994-01-16;126.8
1994-01-17;125.7
1994-01-18;124.6
1994-01-19;124.0
1994-01-20;123.4
1994-01-21;121.7
1994-01-22;120.6
1994-01-23;120.3
1994-01-24;119.8
1994-01-25;124.8
1994-01-26;133.3
1994-01-27;142.1
1994-01-28;139.3
1994-01-29;130.8
1994-01-30;128.3
1994-01-31;127.6
1994-02-01;126.6
1994-02-02;127.8
1994-02-03;127.8
1994-02-04;127.7
1994-02-05;126.6
1994-02-06;126.6
1994-02-07;126.6
1994-02-08;142.4
1994-02-09;145.1
1994-02-10;143.7
1994-02-11;145.9
1994-02-12;144.4
1994-02-13;143.4
1994-02-14;142.8
1994-02-15;141.8
1994-02-16;141.3
1994-02-17;141.0
1994-02-18;139.8
1994-02-19;139.8
1994-02-20;139.7
1994-02-21;139.6
1994-02-22;139.7
1994-02-23;140.0
1994-02-24;141.3
1994-02-25;146.6
1994-02-26;145.4
1994-02-27;144.6
1994-02-28;152.7
1994-03-01;177.5
1994-03-02;183.2
1994-03-03;176.9
1994-03-04;193.1
1994-03-05;187.6
1994-03-06;183.5
1994-03-07;179.4
1994-03-08;176.1
1994-03-09;171.7
1994-03-10;168.2
1994-03-11;165.1
1994-03-12;164.1
1994-03-13;162.7
1994-03-14;160.6
1994-03-15;157.5
1994-03-16;156.9
1994-03-17;156.4
1994-03-18;156.5
1994-03-19;155.5
1994-03-20;155.6
1994-03-21;154.8
1994-03-22;154.4
1994-03-23;152.0
1994-03-24;147.1
1994-03-25;143.9
1994-03-26;142.8
1994-03-27;141.8
1994-03-28;140.9
1994-03-29;138.5
1994-03-30;136.1
1994-03-31;134.4
1994-04-01;139.1
1994-04-02;151.7
1994-04-03;151.9
1994-04-04;150.9
1994-04-05;154.5
1994-04-06;153.3
1994-04-07;151.8
1994-04-08;152.1
1994-04-09;155.3
1994-04-10;159.6
1994-04-11;157.9
1994-04-12;158.3
1994-04-13;157.7
1994-04-14;156.7
1994-04-15;157.7
1994-04-16;154.9
1994-04-17;155.5
1994-04-18;154.7
1994-04-19;153.6
1994-04-20;152.9
1994-04-21;151.5
1994-04-22;152.5
1994-04-23;150.2
1994-04-24;148.3
1994-04-25;147.8
1994-04-26;147.5
1994-04-27;142.9
1994-04-28;139.5
1994-04-29;135.5
1994-04-30;130.3
1994-05-01;125.2
1994-05-02;120.1
1994-05-03;115.2
1994-05-04;110.1
1994-05-05;110.4
1994-05-06;108.6
1994-05-07;103.0
1994-05-08;97.6
1994-05-09;93.4
1994-05-10;88.4
1994-05-11;84.5
1994-05-12;82.4
1994-05-13;78.9
1994-05-14;76.7
1994-05-15;70.7
1994-05-16;64.8
1994-05-17;60.9
1994-05-18;56.2
1994-05-19;52.1
1994-05-20;51.8
1994-05-21;50.5
1994-05-22;45.2
1994-05-23;35.8
1994-05-24;25.5
1994-05-25;14.3
1994-05-26;4.1
1994-09-15;6.9
1994-09-16;5.2
1994-09-17;11.0
1994-09-18;6.1
1994-10-27;5.1
1994-10-28;9.1
1994-10-29;14.0
1994-10-30;10.4
1994-10-31;6.2
1994-11-01;5.7
1994-11-02;4.9
1994-11-03;4.8
1994-11-07;4.5
1994-11-08;1.4
1994-11-09;1.0
1994-11-10;18.1
1994-11-11;48.7
1994-11-12;49.1
1994-11-13;45.1
1994-11-14;41.5
1994-11-15;39.4
1994-11-16;37.7
1994-11-17;36.0
1994-11-18;35.3
1994-11-19;35.4
1994-11-20;29.7
1994-11-21;27.5
1994-11-22;27.5
1994-11-23;27.5
1994-11-24;26.9
1994-11-25;27.1
1994-11-26;27.7
1994-11-27;27.1
1994-11-28;26.5
1994-11-29;26.7
1994-11-30;26.2
1994-12-01;26.6
1994-12-02;26.3
1994-12-03;26.5
1994-12-04;26.5
1994-12-05;26.9
1994-12-06;26.7
1994-12-07;26.9
1994-12-08;26.8
1994-12-09;27.5
1994-12-10;30.5
1994-12-11;30.1
1994-12-12;28.7
1994-12-13;28.4
1994-12-14;28.4
1994-12-15;28.2
1994-12-16;27.8
1994-12-17;27.8
1994-12-18;27.6
1994-12-19;29.4
1994-12-20;50.3
1994-12-21;64.3
1994-12-22;58.8
1994-12-23;55.8
1994-12-24;54.0
1994-12-25;52.6
1994-12-26;51.9
1994-12-27;51.3
1994-12-28;50.5
1994-12-29;49.8
1994-12-30;51.2
1994-12-31;53.4
1995-01-01;53.9
1995-01-02;54.1
1995-01-03;53.9
1995-01-04;53.2
1995-01-05;53.0
1995-01-06;52.8
1995-01-07;52.9
1995-01-08;52.5
1995-01-09;52.9
1995-01-10;55.4
1995-01-11;101.6
1995-01-12;112.6
1995-01-13;105.2
1995-01-14;100.4
1995-01-15;97.4
1995-01-16;94.4
1995-01-17;93.3
1995-01-18;92.7
1995-01-19;97.2
1995-01-20;97.1
1995-01-21;99.5
1995-01-22;98.1
1995-01-23;96.6
1995-01-24;97.1
1995-01-25;96.2
1995-01-26;97.9
1995-01-27;119.8
1995-01-28;116.9
1995-01-29;113.8
1995-01-30;113.5
1995-01-31;111.8
1995-02-01;110.1
1995-02-02;109.1
1995-02-03;107.5
1995-02-04;107.0
1995-02-05;106.4
1995-02-06;104.4
1995-02-07;103.0
1995-02-08;103.1
1995-02-09;104.3
1995-02-10;103.1
1995-02-11;104.2
1995-02-12;104.5
1995-02-13;103.9
1995-02-14;105.9
1995-02-15;105.6
1995-02-16;112.0
1995-02-17;114.1
1995-02-18;121.3
1995-02-19;121.3
1995-02-20;119.4
1995-02-21;117.7
1995-02-22;117.2
1995-02-23;133.3
1995-02-24;134.9
1995-02-25;134.3
1995-02-26;134.5
1995-02-27;132.8
1995-02-28;130.2
1995-03-01;128.2
1995-03-02;130.2
1995-03-03;129.4
1995-03-04;161.4
1995-03-05;157.6
1995-03-06;152.4
1995-03-07;147.7
1995-03-08;146.9
1995-03-09;149.7
1995-03-10;146.4
1995-03-11;144.4
1995-03-12;141.9
1995-03-13;140.3
1995-03-14;139.1
1995-03-15;137.9
1995-03-16;139.5
1995-03-17;139.3
1995-03-18;138.2
1995-03-19;135.9
1995-03-20;135.3
1995-03-21;134.0
1995-03-22;133.2
1995-03-23;131.8
1995-03-24;129.5
1995-03-25;128.0
1995-03-26;127.8
1995-03-27;127.3
1995-03-28;126.1
1995-03-29;137.9
1995-03-30;140.0
1995-03-31;137.5
1995-04-01;134.0
1995-04-02;124.8
1995-04-03;124.2
1995-04-04;123.1
1995-04-05;120.7
1995-04-06;120.2
1995-04-07;117.1
1995-04-08;114.1
1995-04-09;115.1
1995-04-10;113.8
1995-04-11;113.0
1995-04-12;110.6
1995-04-13;108.7
1995-04-14;109.8
1995-04-15;108.8
1995-04-16;107.9
1995-04-17;109.7
1995-04-18;106.1
1995-04-19;106.3
1995-04-20;120.4
1995-04-21;126.2
1995-04-22;131.6
1995-04-23;133.9
1995-04-24;127.2
1995-04-25;127.9
1995-04-26;136.5
1995-04-27;129.0
1995-04-28;126.0
1995-04-29;122.7
1995-04-30;120.8
1995-05-01;119.5
1995-05-02;116.8
1995-05-03;112.6
1995-05-04;107.8
1995-05-05;102.8
1995-05-06;97.5
1995-05-07;92.1
1995-05-08;84.9
1995-05-09;80.2
1995-05-10;75.9
1995-05-11;75.0
1995-05-12;77.2
1995-05-13;74.4
1995-05-14;73.5
1995-05-15;71.0
1995-05-16;68.3
1995-05-17;66.4
1995-05-18;63.7
1995-05-19;65.4
1995-05-20;70.8
1995-05-21;67.3
1995-05-22;63.1
1995-05-23;58.2
1995-05-24;53.1
1995-05-25;45.5
1995-05-26;36.3
1995-05-27;29.1
1995-05-28;20.3
1995-05-29;7.2
1995-05-30;0.0
1995-05-31;0.0
1995-06-01;0.0
1995-06-02;0.0
1995-06-03;0.0
1995-06-04;0.0
1995-06-05;0.0
1995-06-06;2.9
1995-06-07;0.0
1995-06-08;0.0
1995-06-09;0.0
1995-06-10;0.0
1995-06-11;0.0
1995-06-12;0.8
1995-06-13;1.1
1995-06-14;0.0
1995-06-15;0.0
1995-06-16;0.0
1995-06-17;0.0
1995-06-18;0.0
1995-06-19;0.0
1995-06-20;0.0
1995-06-21;0.0
1995-06-22;0.0
1995-06-23;0.0
1995-06-24;0.0
1995-06-25;0.0
1995-06-26;0.0
1995-06-27;0.0
1995-06-28;0.0
1995-06-29;0.0
1995-06-30;0.0
1995-07-01;0.0
1995-07-02;0.0
1995-07-03;0.0
1995-07-04;0.0
1995-07-05;0.0
1995-07-06;0.0
1995-07-07;0.0
1995-07-08;0.0
1995-07-09;0.0
1995-07-10;0.0
1995-07-11;0.0
1995-07-12;0.0
1995-07-13;0.0
1995-07-14;0.0
1995-07-15;0.0
1995-07-16;0.0
1995-07-17;0.0
1995-07-18;0.0
1995-07-19;0.0
1995-07-20;0.0
1995-07-21;0.0
1995-07-22;0.0
1995-07-23;0.0
1995-07-24;0.0
1995-07-25;0.0
1995-07-26;0.0
1995-07-27;0.0
1995-07-28;0.0
1995-07-29;0.0
1995-07-30;0.0
1995-07-31;0.0
1995-08-01;0.0
1995-08-02;0.0
1995-08-03;0.0
1995-08-04;0.0
1995-08-05;0.0
1995-08-06;0.0
1995-08-07;0.0
1995-08-08;0.0
1995-08-09;0.0
1995-08-10;0.0
1995-08-11;0.0
1995-08-12;0.0
1995-08-13;0.0
1995-08-14;0.0
1995-08-15;0.0
1995-08-16;0.0
1995-08-17;0.0
1995-08-18;0.0
1995-08-19;0.0
1995-08-20;0.0
1995-08-21;0.0
1995-08-22;0.0
1995-08-23;0.0
1995-08-24;0.0
1995-08-25;0.0
1995-08-26;0.0
1995-08-27;0.0
1995-08-28;0.5
1995-08-29;12.1
1995-08-30;6.5
1995-08-31;0.0
1995-09-01;0.0
1995-09-02;0.0
1995-09-03;2.0
1995-09-04;0.5
1995-09-05;0.0
1995-09-06;0.0
1995-09-07;1.5
1995-09-08;1.4
1995-09-09;0.0
1995-09-10;0.0
1995-09-11;0.0
1995-09-12;0.0
1995-09-13;0.0
1995-09-14;0.0
1995-09-15;0.0
1995-09-16;0.0
1995-09-17;0.0
1995-09-18;0.0
1995-09-19;0.6
1995-09-20;0.0
1995-09-21;0.0
1995-09-22;0.0
1995-09-23;0.0
1995-09-24;0.0
1995-09-25;0.6
1995-09-26;0.0
1995-09-27;0.0
1995-09-28;0.0
1995-09-29;0.0
1995-09-30;0.0
1995-10-01;0.0
1995-10-02;0.0
1995-10-03;0.0
1995-10-04;0.0
1995-10-05;0.0
1995-10-06;0.0
1995-10-07;0.0
1995-10-08;0.0
1995-10-09;0.0
1995-10-10;0.0
1995-10-11;0.0
1995-10-12;0.0
1995-10-13;0.0
1995-10-14;0.0
1995-10-15;0.0
1995-10-16;0.0
1995-10-17;0.0
1995-10-18;0.0
1995-10-19;0.0
1995-10-20;0.0
1995-10-21;0.0
1995-10-22;0.0
1995-10-23;0.0
1995-10-24;0.0
1995-10-25;0.0
1995-10-26;0.0
1995-10-27;0.0
1995-10-28;0.0
1995-10-29;0.0
1995-10-30;0.0
1995-10-31;0.0
1995-11-01;0.0
1995-11-02;0.0
1995-11-03;0.6
1995-11-04;8.0
1995-11-05;6.3
1995-11-06;5.3
1995-11-07;4.1
1995-11-08;3.8
1995-11-09;3.1
1995-11-10;2.6
1995-11-11;1.4
1995-11-12;2.2
1995-11-13;1.0
1995-11-14;0.8
1995-11-15;0.6
1995-11-16;6.0
1995-11-17;6.2
1995-11-18;6.9
1995-11-19;6.7
1995-11-20;11.3
1995-11-21;10.7
1995-11-22;9.6
1995-11-23;9.8
1995-11-24;9.8
1995-11-25;9.9
1995-11-26;11.5
1995-11-27;14.6
1995-11-28;20.6
1995-11-29;21.6
1995-11-30;20.0
1995-12-01;19.1
1995-12-02;18.2
1995-12-03;19.9
1995-12-04;18.7
1995-12-05;18.9
1995-12-06;19.9
1995-12-07;21.5
1995-12-08;20.9
1995-12-09;19.3
1995-12-10;19.2
1995-12-11;19.1
1995-12-12;19.8
1995-12-13;20.0
1995-12-14;21.7
1995-12-15;23.6
1995-12-16;28.6
1995-12-17;27.5
1995-12-18;35.5
1995-12-19;48.4
1995-12-20;46.6
1995-12-21;47.8
1995-12-22;47.0
1995-12-23;57.3
1995-12-24;56.3
1995-12-25;51.8
1995-12-26;54.8
1995-12-27;68.4
1995-12-28;67.5
1995-12-29;65.7
1995-12-30;64.8
1995-12-31;66.4
1996-01-01;73.6
1996-01-02;70.9
1996-01-03;69.0
1996-01-04;67.1
1996-01-05;66.8
1996-01-06;68.6
1996-01-07;78.4
1996-01-08;81.8
1996-01-09;79.8
1996-01-10;77.1
1996-01-11;81.5
1996-01-12;70.0
1996-01-13;68.0
1996-01-14;66.9
1996-01-15;65.3
1996-01-16;65.3
1996-01-17;65.2
1996-01-18;65.2
1996-01-19;65.6
1996-01-20;65.1
1996-01-21;65.2
1996-01-22;64.9
1996-01-23;65.4
1996-01-24;79.1
1996-01-25;84.4
1996-01-26;98.1
1996-01-27;102.2
1996-01-28;95.6
1996-01-29;91.9
1996-01-30;88.5
1996-01-31;86.6
1996-02-01;85.4
1996-02-02;86.8
1996-02-03;86.6
1996-02-04;85.1
1996-02-05;84.5
1996-02-06;83.4
1996-02-07;82.6
1996-02-08;86.4
1996-02-09;104.7
1996-02-10;105.5
1996-02-11;104.3
1996-02-12;104.0
1996-02-13;106.8
1996-02-14;105.7
1996-02-15;104.4
1996-02-16;103.6
1996-02-17;111.8
1996-02-18;117.2
1996-02-19;133.0
1996-02-20;135.5
1996-02-21;132.6
1996-02-22;130.4
1996-02-23;128.2
1996-02-24;126.5
1996-02-25;125.1
1996-02-26;125.1
1996-02-27;123.4
1996-02-28;122.5
1996-02-29;122.5
1996-03-01;122.0
1996-03-02;119.8
1996-03-03;119.7
1996-03-04;119.4
1996-03-05;118.7
1996-03-06;117.8
1996-03-07;118.5
1996-03-08;118.5
1996-03-09;118.6
1996-03-10;119.0
1996-03-11;117.9
1996-03-12;117.4
1996-03-13;116.5
1996-03-14;117.1
1996-03-15;116.5
1996-03-16;116.7
1996-03-17;123.4
1996-03-18;122.1
1996-03-19;123.1
1996-03-20;122.0
1996-03-21;120.8
1996-03-22;124.0
1996-03-23;126.7
1996-03-24;121.1
1996-03-25;119.3
1996-03-26;117.5
1996-03-27;117.3
1996-03-28;116.1
1996-03-29;115.3
1996-03-30;115.0
1996-03-31;115.6
1996-04-01;116.5
1996-04-02;123.4
1996-04-03;125.1
1996-04-04;126.7
1996-04-05;124.9
1996-04-06;123.8
1996-04-07;121.5
1996-04-08;120.2
1996-04-09;116.8
1996-04-10;116.1
1996-04-11;116.7
1996-04-12;116.9
1996-04-13;117.1
1996-04-14;115.9
1996-04-15;115.2
1996-04-16;114.3
1996-04-17;113.9
1996-04-18;112.4
1996-04-19;108.7
1996-04-20;105.6
1996-04-21;103.0
1996-04-22;98.7
1996-04-23;96.3
1996-04-24;95.4
1996-04-25;92.6
1996-04-26;92.8
1996-04-27;91.8
1996-04-28;89.2
1996-04-29;86.3
1996-04-30;85.8
1996-05-01;83.2
1996-05-02;85.7
1996-05-03;89.4
1996-05-04;87.1
1996-05-05;85.4
1996-05-06;82.7
1996-05-07;78.9
1996-05-08;75.6
1996-05-09;73.5
1996-05-10;74.5
1996-05-11;71.3
1996-05-12;69.0
1996-05-13;68.1
1996-05-14;64.0
1996-05-15;59.3
1996-05-16;55.1
1996-05-17;48.8
1996-05-18;40.3
1996-05-19;35.0
1996-05-20;40.6
1996-05-21;41.4
1996-05-22;40.5
1996-05-23;35.1
1996-05-24;28.4
1996-05-25;21.3
1996-05-26;14.5
1996-05-27;10.0
1996-05-28;5.3
1996-05-29;0.4
1996-05-30;0.0
1996-05-31;0.0
1996-06-01;0.0
1996-06-02;0.0
1996-06-03;0.0
1996-06-04;0.0
1996-06-05;0.0
1996-06-06;0.0
1996-06-07;0.0
1996-06-08;0.0
1996-06-09;0.0
1996-06-10;0.0
1996-06-11;0.0
1996-06-12;0.0
1996-06-13;0.0
1996-06-14;0.0
1996-06-15;0.0
1996-06-16;0.0
1996-06-17;0.0
1996-06-18;0.0
1996-06-19;0.0
1996-06-20;0.0
1996-06-21;0.0
1996-06-22;4.9
1996-06-23;3.1
1996-06-24;0.0
1996-06-25;0.0
1996-06-26;0.0
1996-06-27;0.0
1996-06-28;0.0
1996-06-29;0.0
1996-06-30;0.0
1996-07-01;0.0
1996-07-02;0.0
1996-07-03;0.0
1996-07-04;0.0
1996-07-05;0.0
1996-07-06;0.0
1996-07-07;0.0
1996-07-08;2.3
1996-07-09;0.0
1996-07-10;0.0
1996-07-11;0.0
1996-07-12;0.0
1996-07-13;0.0
1996-07-14;0.0
1996-07-15;0.0
1996-07-16;0.0
1996-07-17;0.0
1996-07-18;0.0
1996-07-19;0.0
1996-07-20;0.0
1996-07-21;0.0
1996-07-22;0.0
1996-07-23;0.0
1996-07-24;0.0
1996-07-25;0.0
1996-07-26;0.0
1996-07-27;0.0
1996-07-28;0.0
1996-07-29;0.0
1996-07-30;0.0
1996-07-31;0.0
1996-08-01;0.0
1996-08-02;0.0
1996-08-03;0.0
1996-08-04;0.0
1996-08-05;0.0
1996-08-06;0.0
1996-08-07;0.0
1996-08-08;0.0
1996-08-09;0.0
1996-08-10;0.0
1996-08-11;0.0
1996-08-12;0.0
1996-08-13;0.0
1996-08-14;0.0
1996-08-15;0.0
1996-08-16;0.0
1996-08-17;0.0
1996-08-18;0.0
1996-08-19;0.0
1996-08-20;0.0
1996-08-21;0.0
1996-08-22;0.0
1996-08-23;0.0
1996-08-24;0.0
1996-08-25;0.0
1996-08-26;0.0
1996-08-27;0.0
1996-08-28;0.0
1996-08-29;0.0
1996-08-30;0.0
1996-08-31;0.0
1996-09-01;0.0
1996-09-02;0.0
1996-09-03;0.0
1996-09-04;0.0
1996-09-05;0.0
1996-09-06;0.0
1996-09-07;0.0
1996-09-08;0.0
1996-09-09;0.0
1996-09-10;0.0
1996-09-11;0.0
1996-09-12;0.0
1996-09-13;0.0
1996-09-14;0.0
1996-09-15;0.0
1996-09-16;0.0
1996-09-17;0.0
1996-09-18;0.0
1996-09-19;0.0
1996-09-20;0.0
1996-09-21;0.0
1996-09-22;0.0
1996-09-23;0.0
1996-09-24;0.0
1996-09-25;0.0
1996-09-26;0.0
1996-09-27;0.0
1996-09-28;0.0
1996-09-29;0.0
1996-09-30;0.0
1996-10-01;0.0
1996-10-02;12.2
1996-10-03;9.3
1996-10-04;4.8
1996-10-05;1.8
1996-10-06;0.0
1996-10-07;0.0
1996-10-08;0.0
1996-10-09;0.0
1996-10-10;0.0
1996-10-11;0.0
1996-10-12;0.0
1996-10-13;0.0
1996-10-14;0.0
1996-10-15;0.0
1996-10-16;0.3
1996-10-17;27.0
1996-10-18;60.2
1996-10-19;51.5
1996-10-20;44.4
1996-10-21;36.7
1996-10-22;29.8
1996-10-23;26.3
1996-10-24;25.4
1996-10-25;23.3
1996-10-26;20.9
1996-10-27;19.0
1996-10-28;18.3
1996-10-29;16.5
1996-10-30;12.8
1996-10-31;13.2
1996-11-01;14.4
1996-11-02;13.4
1996-11-03;11.8
1996-11-04;11.6
1996-11-05;14.5
1996-11-06;15.2
1996-11-07;13.8
1996-11-08;13.3
1996-11-09;15.2
1996-11-10;18.1
1996-11-11;21.8
1996-11-12;40.8
1996-11-13;42.8
1996-11-14;86.3
1996-11-15;102.1
1996-11-16;106.6
1996-11-17;105.0
1996-11-18;107.6
1996-11-19;110.6
1996-11-20;121.3
1996-11-21;117.7
1996-11-22;114.0
1996-11-23;110.4
1996-11-24;110.6
1996-11-25;108.6
1996-11-26;114.6
1996-11-27;114.2
1996-11-28;115.5
1996-11-29;117.3
1996-11-30;128.1
1996-12-01;138.7
1996-12-02;143.6
1996-12-03;142.9
1996-12-04;138.9
1996-12-05;134.2
1996-12-06;132.4
1996-12-07;130.8
1996-12-08;129.3
1996-12-09;128.5
1996-12-10;128.1
1996-12-11;126.9
1996-12-12;125.5
1996-12-13;127.6
1996-12-14;130.3
1996-12-15;128.4
1996-12-16;127.6
1996-12-17;126.7
1996-12-18;126.4
1996-12-19;125.7
1996-12-20;132.0
1996-12-21;133.1
1996-12-22;134.1
1996-12-23;135.8
1996-12-24;137.5
1996-12-25;136.2
1996-12-26;139.0
1996-12-27;143.9
1996-12-28;142.7
1996-12-29;141.6
1996-12-30;141.1
1996-12-31;147.8
1997-01-01;163.6
1997-01-02;165.8
1997-01-03;163.7
1997-01-04;171.3
1997-01-05;170.0
1997-01-06;171.3
1997-01-07;174.0
1997-01-08;170.7
1997-01-09;168.8
1997-01-10;167.7
1997-01-11;165.1
1997-01-12;162.9
1997-01-13;161.3
1997-01-14;159.8
1997-01-15;157.4
1997-01-16;156.1
1997-01-17;154.9
1997-01-18;154.1
1997-01-19;154.4
1997-01-20;156.7
1997-01-21;158.0
1997-01-22;156.9
1997-01-23;155.9
1997-01-24;154.6
1997-01-25;153.6
1997-01-26;153.7
1997-01-27;153.0
1997-01-28;152.0
1997-01-29;151.5
1997-01-30;151.0
1997-01-31;151.1
1997-02-01;150.6
1997-02-02;150.2
1997-02-03;149.9
1997-02-04;149.9
1997-02-05;150.3
1997-02-06;157.0
1997-02-07;156.6
1997-02-08;156.2
1997-02-09;156.0
1997-02-10;155.5
1997-02-11;155.6
1997-02-12;157.1
1997-02-13;162.5
1997-02-14;180.6
1997-02-15;178.7
1997-02-16;177.2
1997-02-17;175.2
1997-02-18;174.5
1997-02-19;183.3
1997-02-20;184.6
1997-02-21;188.2
1997-02-22;185.7
1997-02-23;184.6
1997-02-24;184.6
1997-02-25;184.1
1997-02-26;183.9
1997-02-27;189.6
1997-02-28;183.4
1997-03-01;183.0
1997-03-02;182.3
1997-03-03;181.9
1997-03-04;180.2
1997-03-05;180.1
1997-03-06;188.7
1997-03-07;187.5
1997-03-08;186.4
1997-03-09;184.4
1997-03-10;182.0
1997-03-11;179.9
1997-03-12;179.6
1997-03-13;179.5
1997-03-14;178.4
1997-03-15;178.5
1997-03-16;177.8
1997-03-17;177.1
1997-03-18;176.6
1997-03-19;180.0
1997-03-20;179.3
1997-03-21;177.9
1997-03-22;175.6
1997-03-23;173.4
1997-03-24;183.2
1997-03-25;181.9
1997-03-26;179.5
1997-03-27;175.1
1997-03-28;175.6
1997-03-29;177.6
1997-03-30;177.4
1997-03-31;175.0
1997-04-01;173.8
1997-04-02;172.8
1997-04-03;171.5
1997-04-04;173.1
1997-04-05;171.9
1997-04-06;172.1
1997-04-07;170.5
1997-04-08;167.1
1997-04-09;166.7
1997-04-10;166.6
1997-04-11;163.8
1997-04-12;164.8
1997-04-13;164.6
1997-04-14;162.7
1997-04-15;164.1
1997-04-16;163.6
1997-04-17;161.7
1997-04-18;160.9
1997-04-19;160.9
1997-04-20;167.0
1997-04-21;171.5
1997-04-22;173.1
1997-04-23;171.4
1997-04-24;169.5
1997-04-25;166.8
1997-04-26;165.2
1997-04-27;179.3
1997-04-28;178.5
1997-04-29;174.7
1997-04-30;174.4
1997-05-01;172.0
1997-05-02;168.4
1997-05-03;164.0
1997-05-04;158.8
1997-05-05;155.3
1997-05-06;162.5
1997-05-07;187.8
1997-05-08;190.2
1997-05-09;186.3
1997-05-10;183.7
1997-05-11;174.6
1997-05-12;169.1
1997-05-13;163.3
1997-05-14;158.3
1997-05-15;152.7
1997-05-16;147.9
1997-05-17;142.7
1997-05-18;138.9
1997-05-19;133.6
1997-05-20;128.2
1997-05-21;124.6
1997-05-22;119.0
1997-05-23;114.1
1997-05-24;108.5
1997-05-25;104.9
1997-05-26;99.8
1997-05-27;90.3
1997-05-28;84.8
1997-05-29;79.8
1997-05-30;74.0
1997-05-31;68.9
1997-06-01;68.5
1997-06-02;70.6
1997-06-03;64.3
1997-06-04;56.9
1997-06-05;49.9
1997-06-06;42.2
1997-06-07;33.1
1997-06-08;22.7
1997-06-09;13.2
1997-06-10;4.0
1997-06-11;0.0
1997-06-12;0.0
1997-06-13;0.0
1997-06-14;0.0
1997-06-15;0.0
1997-06-16;0.0
1997-06-17;0.0
1997-06-18;0.0
1997-06-19;0.0
1997-06-20;0.0
1997-06-21;0.0
1997-06-22;0.0
1997-06-23;0.0
1997-06-24;0.0
1997-06-25;0.0
1997-06-26;0.0
1997-06-27;0.0
1997-06-28;0.0
1997-06-29;0.0
1997-06-30;0.0
1997-07-01;0.0
1997-07-02;0.0
1997-07-03;0.0
1997-07-04;0.0
1997-07-05;0.0
1997-07-06;0.0
1997-07-07;0.0
1997-07-08;0.0
1997-07-09;0.0
1997-07-10;0.0
1997-07-11;0.0
1997-07-12;0.0
1997-07-13;0.0
1997-07-14;0.0
1997-07-15;0.0
1997-07-16;0.0
1997-07-17;0.0
1997-07-18;0.0
1997-07-19;0.0
1997-07-20;0.0
1997-07-21;0.0
1997-07-22;0.0
1997-07-23;0.0
1997-07-24;0.0
1997-07-25;0.0
1997-07-26;0.0
1997-07-27;0.0
1997-07-28;0.0
1997-07-29;0.0
1997-07-30;0.0
1997-07-31;0.0
1997-08-01;0.0
1997-08-02;0.0
1997-08-03;0.0
1997-08-04;0.0
1997-08-05;0.0
1997-08-06;0.0
1997-08-07;0.0
1997-08-08;0.0
1997-08-09;0.0
1997-08-10;0.0
1997-08-11;0.0
1997-08-12;0.0
1997-08-13;0.0
1997-08-14;0.0
1997-08-15;0.0
1997-08-16;0.0
1997-08-17;0.0
1997-08-18;0.0
1997-08-19;0.0
1997-08-20;0.0
1997-08-21;0.0
1997-08-22;0.0
1997-08-23;0.0
1997-08-24;0.0
1997-08-25;0.0
1997-08-26;0.0
1997-08-27;0.0
1997-08-28;0.0
1997-08-29;0.0
1997-08-30;0.0
1997-08-31;0.0
1997-09-01;0.0
1997-09-02;0.0
1997-09-03;0.0
1997-09-04;0.0
1997-09-05;0.0
1997-09-06;0.0
1997-09-07;0.0
1997-09-08;0.0
1997-09-09;0.0
1997-09-10;0.0
1997-09-11;0.0
1997-09-12;0.0
1997-09-13;0.0
1997-09-14;0.0
1997-09-15;0.0
1997-09-16;0.0
1997-09-17;0.0
1997-09-18;0.0
1997-09-19;0.0
1997-09-20;0.0
1997-09-21;0.0
1997-09-22;0.0
1997-09-23;0.0
1997-09-24;0.0
1997-09-25;0.0
1997-09-26;0.0
1997-09-27;0.0
1997-09-28;0.0
1997-09-29;0.0
1997-09-30;0.0
1997-10-01;0.0
1997-10-02;0.0
1997-10-03;0.0
1997-10-04;0.0
1997-10-05;0.0
1997-10-06;0.0
1997-10-07;0.0
1997-10-08;0.0
1997-10-09;0.0
1997-10-10;0.0
1997-10-11;0.0
1997-10-12;0.0
1997-10-13;0.0
1997-10-14;0.0
1997-10-15;0.0
1997-10-16;0.0
1997-10-17;0.0
1997-10-18;0.0
1997-10-19;0.0
1997-10-20;0.0
1997-10-21;0.0
1997-10-22;0.0
1997-10-23;0.0
1997-10-24;0.0
1997-10-25;0.0
1997-10-26;0.0
1997-10-27;0.0
1997-10-28;0.0
1997-10-29;0.0
1997-10-30;0.0
1997-10-31;0.0
1997-11-01;0.0
1997-11-02;0.0
1997-11-03;0.0
1997-11-04;0.0
1997-11-05;0.9
1997-11-06;3.5
1997-11-07;6.1
1997-11-08;12.4
1997-11-09;19.5
1997-11-10;21.8
1997-11-11;21.9
1997-11-12;40.6
1997-11-13;46.3
1997-11-14;42.7
1997-11-15;40.9
1997-11-16;39.2
1997-11-17;37.6
1997-11-18;37.8
1997-11-19;38.9
1997-11-20;37.8
1997-11-21;37.6
1997-11-22;36.8
1997-11-23;36.2
1997-11-24;36.1
1997-11-25;37.6
1997-11-26;40.3
1997-11-27;39.7
1997-11-28;39.6
1997-11-29;41.6
1997-11-30;44.5
1997-12-01;51.2
1997-12-02;50.7
1997-12-03;65.7
1997-12-04;70.6
1997-12-05;67.8
1997-12-06;66.1
1997-12-07;65.3
1997-12-08;64.5
1997-12-09;63.6
1997-12-10;62.9
1997-12-11;62.6
1997-12-12;69.9
1997-12-13;72.4
1997-12-14;70.3
1997-12-15;68.9
1997-12-16;68.6
1997-12-17;74.5
1997-12-18;79.6
1997-12-19;80.7
1997-12-20;97.5
1997-12-21;100.6
1997-12-22;98.4
1997-12-23;95.6
1997-12-24;92.5
1997-12-25;90.5
1997-12-26;93.0
1997-12-27;94.2
1997-12-28;92.2
1997-12-29;91.1
1997-12-30;90.0
1997-12-31;89.6
1998-01-01;90.4
1998-01-02;95.2
1998-01-03;101.7
1998-01-04;106.5
1998-01-05;105.1
1998-01-06;121.5
1998-01-07;126.7
1998-01-08;123.0
1998-01-09;120.6
1998-01-10;119.0
1998-01-11;117.6
1998-01-12;116.6
1998-01-13;116.0
1998-01-14;117.0
1998-01-15;122.4
1998-01-16;120.4
1998-01-17;119.9
1998-01-18;119.6
1998-01-19;124.5
1998-01-20;127.4
1998-01-21;132.9
1998-01-22;130.0
1998-01-23;129.2
1998-01-24;128.4
1998-01-25;127.9
1998-01-26;126.9
1998-01-27;127.0
1998-01-28;126.0
1998-01-29;125.9
1998-01-30;126.0
1998-01-31;125.9
1998-02-01;125.4
1998-02-02;124.8
1998-02-03;125.1
1998-02-04;124.8
1998-02-05;124.8
1998-02-06;124.8
1998-02-07;124.4
1998-02-08;124.7
1998-02-09;124.1
1998-02-10;123.5
1998-02-11;123.3
1998-02-12;123.3
1998-02-13;122.8
1998-02-14;123.0
1998-02-15;123.0
1998-02-16;122.9
1998-02-17;123.2
1998-02-18;121.9
1998-02-19;121.6
1998-02-20;121.2
1998-02-21;121.6
1998-02-22;125.1
1998-02-23;148.4
1998-02-24;145.6
1998-02-25;142.9
1998-02-26;140.2
1998-02-27;138.9
1998-02-28;137.8
1998-03-01;137.1
1998-03-02;135.3
1998-03-03;134.3
1998-03-04;134.2
1998-03-05;134.0
1998-03-06;133.0
1998-03-07;133.0
1998-03-08;132.7
1998-03-09;132.1
1998-03-10;130.6
1998-03-11;129.8
1998-03-12;131.1
1998-03-13;130.6
1998-03-14;130.0
1998-03-15;130.2
1998-03-16;129.8
1998-03-17;129.5
1998-03-18;128.0
1998-03-19;127.2
1998-03-20;126.9
1998-03-21;126.7
1998-03-22;125.8
1998-03-23;132.6
1998-03-24;138.8
1998-03-25;136.1
1998-03-26;133.9
1998-03-27;133.3
1998-03-28;129.8
1998-03-29;126.3
1998-03-30;124.1
1998-03-31;122.3
1998-04-01;120.5
1998-04-02;119.4
1998-04-03;118.4
1998-04-04;123.6
1998-04-05;135.6
1998-04-06;157.6
1998-04-07;157.5
1998-04-08;159.9
1998-04-09;153.1
1998-04-10;159.0
1998-04-11;172.3
1998-04-12;172.8
1998-04-13;171.2
1998-04-14;170.1
1998-04-15;166.5
1998-04-16;169.1
1998-04-17;164.9
1998-04-18;165.6
1998-04-19;163.2
1998-04-20;160.5
1998-04-21;158.0
1998-04-22;153.9
1998-04-23;151.3
1998-04-24;146.5
1998-04-25;141.4
1998-04-26;137.7
1998-04-27;136.0
1998-04-28;151.8
1998-04-29;156.2
1998-04-30;151.2
1998-05-01;148.0
1998-05-02;147.0
1998-05-03;146.7
1998-05-04;146.6
1998-05-05;143.8
1998-05-06;141.0
1998-05-07;138.0
1998-05-08;132.7
1998-05-09;128.7
1998-05-10;124.5
1998-05-11;120.2
1998-05-12;114.4
1998-05-13;108.3
1998-05-14;102.2
1998-05-15;96.5
1998-05-16;92.0
1998-05-17;89.8
1998-05-18;88.0
1998-05-19;84.3
1998-05-20;79.8
1998-05-21;76.4
1998-05-22;73.0
1998-05-23;68.1
1998-05-24;64.8
1998-05-25;64.1
1998-05-26;62.5
1998-05-27;57.7
1998-05-28;53.8
1998-05-29;50.7
1998-05-30;47.2
1998-05-31;42.2
1998-06-01;34.9
1998-06-02;26.0
1998-06-03;12.8
1998-06-04;1.3
1998-06-05;0.0
1998-06-06;0.0
1998-06-07;0.0
1998-06-08;0.0
1998-06-09;0.0
1998-06-10;0.0
1998-06-11;1.1
1998-06-12;3.6
1998-06-13;0.0
1998-06-14;0.0
1998-06-15;0.0
1998-06-16;0.0
1998-06-17;0.0
1998-06-18;0.0
1998-06-19;0.0
1998-06-20;0.0
1998-06-21;0.0
1998-06-22;0.0
1998-06-23;0.0
1998-06-24;0.0
1998-06-25;0.0
1998-06-26;0.0
1998-06-27;0.0
1998-06-28;0.0
1998-06-29;0.0
1998-06-30;0.0
1998-07-01;0.0
1998-07-02;0.0
1998-07-03;0.0
1998-07-04;0.0
1998-07-05;0.0
1998-07-06;0.0
1998-07-07;0.0
1998-07-08;0.0
1998-07-09;0.0
1998-07-10;0.0
1998-07-11;0.0
1998-07-12;0.0
1998-07-13;0.0
1998-07-14;0.0
1998-07-15;0.0
1998-07-16;0.0
1998-07-17;0.0
1998-07-18;0.0
1998-07-19;0.0
1998-07-20;0.0
1998-07-21;0.0
1998-07-22;0.0
1998-07-23;0.0
1998-07-24;0.0
1998-07-25;0.0
1998-07-26;0.0
1998-07-27;0.0
1998-07-28;0.0
1998-07-29;0.0
1998-07-30;0.0
1998-07-31;0.0
1998-08-01;0.0
1998-08-02;0.0
1998-08-03;0.0
1998-08-04;0.0
1998-08-05;0.0
1998-08-06;0.0
1998-08-07;0.0
1998-08-08;0.0
1998-08-09;0.0
1998-08-10;0.0
1998-08-11;0.0
1998-08-12;0.0
1998-08-13;0.0
1998-08-14;0.0
1998-08-15;0.0
1998-08-16;0.0
1998-08-17;0.0
1998-08-18;0.0
1998-08-19;0.0
1998-08-20;0.0
1998-08-21;0.0
1998-08-22;0.0
1998-08-23;0.0
1998-08-24;0.0
1998-08-25;0.0
1998-08-26;0.0
1998-08-27;0.0
1998-08-28;0.0
1998-08-29;0.0
1998-08-30;0.0
1998-08-31;0.0
1998-09-01;0.0
1998-09-02;0.0
1998-09-03;0.0
1998-09-04;0.0
1998-09-05;0.0
1998-09-06;0.0
1998-09-07;0.0
1998-09-10;0.0
1998-09-11;0.0
1998-09-12;4.1
1998-09-13;5.6
1998-09-14;1.9
1998-09-15;0.0
1998-09-16;0.0
1998-09-17;0.0
1998-09-18;0.0
1998-09-19;0.0
1998-09-20;0.0
1998-09-21;0.0
1998-09-22;0.0
1998-09-23;0.0
1998-09-24;0.0
1998-09-25;0.0
1998-09-26;0.0
1998-09-27;0.0
1998-09-28;0.0
1998-09-29;0.0
1998-09-30;0.0
1998-10-01;1.5
1998-10-02;3.2
1998-10-03;0.0
1998-10-04;9.7
1998-10-05;19.4
1998-10-06;13.8
1998-10-07;16.8
1998-10-08;15.5
1998-10-09;13.9
1998-10-10;13.0
1998-10-11;12.4
1998-10-12;10.9
1998-10-13;10.7
1998-10-14;7.6
1998-10-15;2.7
1998-10-16;0.0
1998-10-17;0.0
1998-10-18;0.0
1998-10-19;8.1
1998-10-20;14.9
1998-10-21;10.7
1998-10-22;7.3
1998-10-23;5.3
1998-10-24;5.3
1998-10-25;10.5
1998-10-26;13.7
1998-10-27;13.4
1998-10-28;10.8
1998-10-29;10.7
1998-10-30;12.8
1998-10-31;16.1
1998-11-01;15.6
1998-11-02;15.5
1998-11-03;16.3
1998-11-04;19.7
1998-11-05;19.3
1998-11-06;19.1
1998-11-07;19.2
1998-11-08;18.7
1998-11-09;16.5
1998-11-10;14.0
1998-11-11;13.9
1998-11-12;13.3
1998-11-13;14.0
1998-11-14;14.3
1998-11-15;17.4
1998-11-16;19.5
1998-11-17;18.7
1998-11-18;18.1
1998-11-19;18.8
1998-11-20;19.4
1998-11-21;19.5
1998-11-22;19.3
1998-11-23;19.8
1998-11-24;22.3
1998-11-25;22.7
1998-11-26;26.4
1998-11-27;25.5
1998-11-28;25.5
1998-11-29;25.3
1998-11-30;25.7
1998-12-01;25.0
1998-12-02;25.5
1998-12-03;25.8
1998-12-04;26.3
1998-12-05;27.9
1998-12-06;34.9
1998-12-07;38.1
1998-12-08;37.6
1998-12-09;36.9
1998-12-10;37.3
1998-12-11;37.0
1998-12-12;36.7
1998-12-13;36.2
1998-12-14;36.4
1998-12-15;35.7
1998-12-16;35.8
1998-12-17;35.5
1998-12-18;35.7
1998-12-19;35.8
1998-12-20;38.7
1998-12-21;45.0
1998-12-22;41.1
1998-12-23;39.3
1998-12-24;38.9
1998-12-25;38.9
1998-12-26;39.0
1998-12-27;39.3
1998-12-28;39.0
1998-12-29;38.8
1998-12-30;38.8
1998-12-31;40.5
1999-01-01;41.4
1999-01-02;42.0
1999-01-03;43.7
1999-01-04;48.9
1999-01-05;48.0
1999-01-06;46.8
1999-01-07;46.1
1999-01-08;46.6
1999-01-09;47.5
1999-01-10;48.3
1999-01-11;63.6
1999-01-12;79.0
1999-01-13;76.5
1999-01-14;72.0
1999-01-15;69.2
1999-01-16;67.2
1999-01-17;65.9
1999-01-18;64.7
1999-01-19;63.6
1999-01-20;63.0
1999-01-21;62.2
1999-01-22;61.8
1999-01-23;61.7
1999-01-24;61.4
1999-01-25;61.2
1999-01-26;61.1
1999-01-27;63.6
1999-01-28;75.3
1999-01-29;103.5
1999-01-30;103.3
1999-01-31;97.6
1999-02-01;95.8
1999-02-02;94.5
1999-02-03;93.3
1999-02-04;91.6
1999-02-05;89.9
1999-02-06;93.1
1999-02-07;100.4
1999-02-08;105.0
1999-02-09;109.0
1999-02-10;119.6
1999-02-11;116.4
1999-02-12;114.1
1999-02-13;111.7
1999-02-14;110.3
1999-02-15;108.7
1999-02-16;107.5
1999-02-17;106.2
1999-02-18;112.5
1999-02-19;116.8
1999-02-20;119.0
1999-02-21;117.8
1999-02-22;125.5
1999-02-23;117.0
1999-02-24;119.1
1999-02-25;120.5
1999-02-26;119.0
1999-02-27;117.9
1999-02-28;116.3
1999-03-01;115.6
1999-03-02;114.8
1999-03-03;114.1
1999-03-04;129.0
1999-03-05;147.0
1999-03-06;146.2
1999-03-07;148.4
1999-03-08;144.3
1999-03-09;143.3
1999-03-10;140.4
1999-03-11;137.7
1999-03-12;135.7
1999-03-13;133.4
1999-03-14;131.3
1999-03-15;130.5
1999-03-16;129.8
1999-03-17;128.0
1999-03-18;126.8
1999-03-19;126.8
1999-03-20;126.5
1999-03-21;125.8
1999-03-22;129.1
1999-03-23;129.3
1999-03-24;126.5
1999-03-25;126.6
1999-03-26;131.1
1999-03-27;134.3
1999-03-28;134.2
1999-03-29;132.7
1999-03-30;130.3
1999-03-31;128.2
1999-04-01;126.5
1999-04-02;125.9
1999-04-03;124.3
1999-04-04;122.3
1999-04-05;118.5
1999-04-06;117.0
1999-04-07;123.6
1999-04-08;137.6
1999-04-09;133.5
1999-04-10;130.7
1999-04-11;129.0
1999-04-12;128.0
1999-04-13;131.5
1999-04-14;130.1
1999-04-15;135.1
1999-04-16;168.8
1999-04-17;174.4
1999-04-18;167.5
1999-04-19;165.3
1999-05-13;77.6
1999-05-14;72.0
1999-05-15;69.4
1999-05-16;66.0
1999-05-17;64.2
1999-05-18;58.0
1999-05-19;52.1
1999-05-20;50.0
1999-05-21;51.0
1999-05-22;47.3
1999-05-23;41.0
1999-05-24;28.9
1999-05-25;17.6
1999-05-26;7.8
1999-05-27;0.0
1999-05-28;0.0
1999-05-29;0.0
1999-05-30;0.0
1999-05-31;0.0
1999-06-01;0.0
1999-06-02;0.0
1999-06-03;0.0
1999-06-04;1.7
1999-06-05;0.0
1999-06-06;0.0
1999-06-07;0.0
1999-06-08;1.2
1999-06-09;0.0
1999-06-10;0.0
1999-06-11;0.0
1999-06-12;0.0
1999-06-13;0.0
1999-06-14;0.0
1999-06-15;0.0
1999-06-16;0.0
1999-06-17;0.0
1999-06-18;0.0
1999-06-19;0.0
1999-06-20;0.0
1999-06-21;0.4
1999-06-22;0.0
1999-06-23;0.0
1999-06-24;0.0
1999-06-25;0.0
1999-06-26;0.0
1999-06-27;0.0
1999-06-28;0.0
1999-06-29;0.0
1999-06-30;0.0
1999-07-01;0.0
1999-07-02;0.0
1999-07-03;0.0
1999-07-04;0.0
1999-07-05;0.0
1999-07-06;0.0
1999-07-07;0.0
1999-07-08;0.0
1999-07-09;0.0
1999-07-10;0.0
1999-07-11;0.0
1999-07-12;0.0
1999-07-13;0.0
1999-07-14;0.0
1999-07-15;0.0
1999-07-16;0.0
1999-07-17;0.0
1999-07-18;0.0
1999-07-19;0.0
1999-07-20;0.0
1999-07-21;0.0
1999-07-22;0.0
1999-07-23;0.0
1999-07-24;0.0
1999-07-25;0.0
1999-07-26;0.0
1999-07-27;0.0
1999-07-28;0.0
1999-07-29;0.0
1999-07-30;0.0
1999-07-31;0.0
1999-08-01;0.0
1999-08-02;0.0
1999-08-03;0.0
1999-08-04;0.0
1999-08-05;0.0
1999-08-06;0.0
1999-08-07;0.0
1999-08-08;0.0
1999-08-09;0.0
1999-08-10;0.0
1999-08-11;0.0
1999-08-12;0.0
1999-08-13;0.0
1999-08-14;0.0
1999-08-15;0.0
1999-08-16;0.0
1999-08-17;0.0
1999-08-18;0.0
1999-08-19;0.0
1999-08-20;0.0
1999-08-21;0.0
1999-08-22;0.0
1999-08-23;0.0
1999-08-24;0.0
1999-08-25;0.0
1999-08-26;0.0
1999-08-27;0.0
1999-08-28;0.0
1999-08-29;0.0
1999-08-30;0.0
1999-08-31;0.0
1999-09-01;0.0
1999-09-02;0.0
1999-09-03;0.0
1999-09-04;0.0
1999-09-05;0.0
1999-09-06;0.0
1999-09-07;0.0
1999-09-08;0.0
1999-09-09;0.0
1999-09-10;0.0
1999-09-11;0.0
1999-09-12;0.0
1999-09-13;0.0
1999-09-14;0.0
1999-09-15;0.0
1999-09-16;0.0
1999-09-17;0.0
1999-09-18;0.0
1999-09-19;0.0
1999-09-20;0.0
1999-09-21;0.0
1999-09-22;0.0
1999-09-23;0.0
1999-09-24;0.0
1999-09-25;0.0
1999-09-26;0.0
1999-09-27;1.3
1999-09-28;0.0
1999-09-29;0.0
1999-09-30;0.0
1999-10-01;0.0
1999-10-02;0.0
1999-10-03;0.0
1999-10-04;11.9
1999-10-05;9.0
1999-10-06;7.3
1999-10-07;5.8
1999-10-08;4.3
1999-10-09;1.8
1999-10-10;0.0
1999-10-11;0.0
1999-10-12;0.0
1999-10-13;0.0
1999-10-14;0.0
1999-10-15;0.0
1999-10-16;0.0
1999-10-17;0.0
1999-10-18;0.0
1999-10-19;0.0
1999-10-20;0.1
1999-10-21;2.1
1999-10-22;0.0
1999-10-23;1.0
1999-10-24;1.1
1999-10-25;0.0
1999-10-26;0.0
1999-10-27;0.0
1999-10-28;0.0
1999-10-29;0.0
1999-10-30;0.0
1999-10-31;0.0
1999-11-01;0.0
1999-11-02;0.0
1999-11-03;0.0
1999-11-04;0.0
1999-11-05;0.0
1999-11-06;10.7
1999-11-07;39.3
1999-11-08;33.5
1999-11-09;30.2
1999-11-10;28.3
1999-11-11;27.1
1999-11-12;26.0
1999-11-13;24.9
1999-11-14;24.3
1999-11-15;24.6
1999-11-16;24.4
1999-11-17;38.8
1999-11-18;46.0
1999-11-19;45.5
1999-11-20;44.1
1999-11-21;43.8
1999-11-22;47.3
1999-11-23;51.1
1999-11-24;50.6
1999-11-25;49.1
1999-11-26;48.4
1999-11-27;48.0
1999-11-28;48.0
1999-11-29;47.5
1999-11-30;46.8
1999-12-01;47.3
1999-12-02;47.8
1999-12-03;47.2
1999-12-04;47.8
1999-12-05;47.8
1999-12-06;47.3
1999-12-07;46.8
1999-12-08;47.1
1999-12-09;50.5
1999-12-10;79.8
1999-12-11;85.5
1999-12-12;80.2
1999-12-13;85.4
1999-12-14;81.6
1999-12-15;80.8
1999-12-16;80.2
1999-12-17;78.0
1999-12-18;77.0
1999-12-19;76.0
1999-12-20;79.3
1999-12-21;80.0
1999-12-22;78.9
1999-12-23;78.4
1999-12-24;78.0
1999-12-25;80.3
1999-12-26;94.0
1999-12-27;119.4
1999-12-28;136.0
1999-12-29;135.2
1999-12-30;129.5
1999-12-31;125.3
2000-01-01;121.8
2000-01-02;118.9
2000-01-03;116.6
2000-01-04;114.7
2000-01-05;114.2
2000-01-06;112.4
2000-01-07;111.3
2000-01-08;110.9
2000-01-09;110.3
2000-01-10;109.5
2000-01-11;109.0
2000-01-12;108.2
2000-01-13;107.8
2000-01-14;107.6
2000-01-15;107.0
2000-01-16;106.5
2000-01-17;106.3
2000-01-18;108.7
2000-01-19;108.5
2000-01-20;107.6
2000-01-21;107.7
2000-01-22;106.8
2000-01-23;106.9
2000-01-24;106.6
2000-01-25;105.9
2000-01-26;105.4
2000-01-27;105.2
2000-01-28;105.1
2000-01-29;105.5
2000-01-30;112.5
2000-01-31;116.1
2000-02-01;115.5
2000-02-02;114.8
2000-02-03;114.5
2000-02-04;112.9
2000-02-05;113.4
2000-02-06;112.5
2000-02-07;112.2
2000-02-08;111.9
2000-02-09;112.5
2000-02-10;109.3
2000-02-11;112.6
2000-02-12;115.5
2000-02-13;114.5
2000-02-14;114.0
2000-02-15;112.9
2000-02-16;114.9
2000-02-17;115.5
2000-02-18;118.4
2000-02-19;123.2
2000-02-20;122.7
2000-02-21;121.1
2000-02-22;120.1
2000-02-23;119.6
2000-02-24;119.7
2000-02-25;119.1
2000-02-26;117.9
2000-02-27;117.3
2000-02-28;117.0
2000-02-29;119.2
2000-03-01;130.0
2000-03-02;136.4
2000-03-03;138.0
2000-03-04;138.6
2000-03-05;138.3
2000-03-06;136.7
2000-03-07;135.9
2000-03-08;135.3
2000-03-09;132.9
2000-03-10;130.3
2000-03-11;129.5
2000-03-12;127.6
2000-03-13;127.6
2000-03-14;128.4
2000-03-15;128.4
2000-03-16;127.2
2000-03-17;125.8
2000-03-18;124.4
2000-03-19;123.8
2000-03-20;123.7
2000-03-21;124.2
2000-03-22;123.9
2000-03-23;122.8
2000-03-24;122.8
2000-03-25;121.5
2000-03-26;127.9
2000-03-27;169.7
2000-03-28;162.3
2000-03-29;175.9
2000-03-30;176.0
2000-03-31;169.9
2000-04-01;169.0
2000-04-02;164.2
2000-04-03;166.0
2000-04-04;168.8
2000-04-05;164.8
2000-04-06;163.0
2000-04-07;160.1
2000-04-08;159.2
2000-04-09;158.5
2000-04-10;159.2
2000-04-11;158.1
2000-04-12;158.8
2000-04-13;169.2
2000-04-14;183.2
2000-04-15;179.3
2000-04-16;180.5
2000-04-17;185.2
2000-04-18;198.8
2000-04-19;195.3
2000-04-20;190.2
2000-04-21;178.6
2000-04-22;171.8
2000-04-23;164.7
2000-04-24;167.8
2000-04-25;164.8
2000-04-26;156.8
2000-04-27;152.7
2000-04-28;151.3
2000-04-29;146.7
2000-04-30;144.0
2000-05-01;139.5
2000-05-02;135.2
2000-05-03;131.5
2000-05-04;128.9
2000-05-05;122.5
2000-05-06;120.6
2000-05-07;119.6
2000-05-08;116.6
2000-05-09;109.8
2000-05-10;102.0
2000-05-11;93.5
2000-05-12;88.9
2000-05-13;82.7
2000-05-14;73.6
2000-05-15;65.0
2000-05-16;54.5
2000-05-17;42.2
2000-05-18;33.0
2000-05-19;33.8
2000-05-20;32.7
2000-05-21;24.7
2000-05-22;17.2
2000-05-23;5.1
2000-05-24;0.0
2000-05-25;0.0
2000-05-26;0.0
2000-05-27;0.0
2000-05-28;0.0
2000-05-29;0.0
2000-05-30;0.0
2000-05-31;0.0
2000-06-01;0.0
2000-06-02;0.0
2000-06-03;0.0
2000-06-04;0.0
2000-06-05;0.0
2000-06-06;0.0
2000-06-07;0.0
2000-06-08;0.0
2000-06-09;0.0
2000-06-10;0.0
2000-06-11;0.0
2000-06-12;0.0
2000-06-13;0.0
2000-06-14;0.0
2000-06-15;0.0
2000-06-16;0.0
2000-06-17;0.0
2000-06-18;0.0
2000-06-19;0.0
2000-06-20;0.0
2000-06-21;0.0
2000-06-22;0.0
2000-06-23;0.0
2000-06-24;0.0
2000-06-25;0.0
2000-06-26;0.0
2000-06-27;0.0
2000-06-28;0.0
2000-06-29;0.0
2000-06-30;0.0
2000-07-01;0.0
2000-07-02;0.0
2000-07-03;0.0
2000-07-04;0.0
2000-07-05;0.0
2000-07-06;0.0
2000-07-07;0.0
2000-07-08;0.0
2000-07-09;0.0
2000-07-10;0.0
2000-07-11;3.1
2000-07-12;8.0
2000-07-13;0.0
2000-07-14;0.0
2000-07-15;0.0
2000-07-16;0.0
2000-07-17;0.0
2000-07-18;0.0
2000-07-19;0.0
2000-07-20;0.0
2000-07-21;0.0
2000-07-22;0.0
2000-07-23;0.0
2000-07-24;0.0
2000-07-25;0.0
2000-07-26;0.0
2000-07-27;0.0
2000-07-28;0.0
2000-07-29;0.0
2000-07-30;0.0
2000-07-31;0.0
2000-08-01;0.0
2000-08-02;0.0
2000-08-03;0.0
2000-08-04;0.0
2000-08-05;0.0
2000-08-06;0.0
2000-08-07;0.0
2000-08-08;0.0
2000-08-09;0.0
2000-08-10;0.0
2000-08-11;0.0
2000-08-12;0.0
2000-08-13;0.0
2000-08-14;0.0
2000-08-15;0.0
2000-08-16;0.0
2000-08-17;0.0
2000-08-18;0.0
2000-08-19;0.0
2000-08-20;0.0
2000-08-21;0.0
2000-08-22;0.0
2000-08-23;0.0
2000-08-24;0.0
2000-08-25;0.0
2000-08-26;0.0
2000-08-27;0.0
2000-08-28;0.0
2000-08-29;0.0
2000-08-30;0.0
2000-08-31;0.0
2000-09-01;0.0
2000-09-02;0.0
2000-09-03;0.0
2000-09-04;0.0
2000-09-05;0.0
2000-09-06;0.0
2000-09-07;0.0
2000-09-08;0.0
2000-09-09;0.0
2000-09-10;0.0
2000-09-11;0.0
2000-09-12;0.0
2000-09-13;0.0
2000-09-14;0.0
2000-09-15;0.0
2000-09-16;0.0
2000-09-17;0.0
2000-09-18;0.0
2000-09-19;0.0
2000-09-20;0.0
2000-09-21;12.1
2000-09-22;9.6
2000-09-23;2.7
2000-09-24;0.0
2000-09-25;0.0
2000-09-26;0.0
2000-09-27;0.0
2000-09-28;0.0
2000-09-29;0.0
2000-09-30;0.0
2000-10-01;0.0
2000-10-02;0.0
2000-10-03;0.0
2000-10-04;0.0
2000-10-05;0.0
2000-10-06;0.5
2000-10-07;19.3
2000-10-08;30.9
2000-10-09;20.6
2000-10-10;17.0
2000-10-11;21.3
2000-10-12;24.1
2000-10-13;12.8
2000-10-14;4.3
2000-10-15;0.0
2000-10-16;0.0
2000-10-17;0.0
2000-10-18;0.0
2000-10-19;0.0
2000-10-20;0.0
2000-10-21;0.0
2000-10-22;0.0
2000-10-23;0.0
2000-10-24;0.0
2000-10-25;0.0
2000-10-26;0.0
2000-10-27;0.0
2000-10-28;0.0
2000-10-29;0.0
2000-10-30;0.0
2000-10-31;7.2
2000-11-01;34.0
2000-11-02;28.6
2000-11-03;40.9
2000-11-04;61.1
2000-11-05;53.8
2000-11-06;55.0
2000-11-07;73.0
2000-11-08;73.1
2000-11-09;71.7
2000-11-10;69.9
2000-11-11;64.8
2000-11-12;63.4
2000-11-13;65.5
2000-11-14;79.0
2000-11-15;83.8
2000-11-16;87.8
2000-11-17;112.6
2000-11-18;141.0
2000-11-19;134.2
2000-11-20;133.6
2000-11-21;144.8
2000-11-22;139.4
2000-11-23;130.9
2000-11-24;128.9
2000-11-25;145.6
2000-11-26;143.2
2000-11-27;137.1
2000-11-28;135.0
2000-11-29;130.6
2000-11-30;127.5
2000-12-01;125.3
2000-12-02;124.1
2000-12-03;122.4
2000-12-04;123.3
2000-12-05;121.3
2000-12-06;120.1
2000-12-07;119.6
2000-12-08;124.4
2000-12-09;141.5
2000-12-10;141.8
2000-12-11;145.7
2000-12-12;142.5
2000-12-13;139.3
2000-12-14;137.7
2000-12-15;145.9
2000-12-16;158.1
2000-12-17;156.3
2000-12-18;153.8
2000-12-19;152.0
2000-12-20;149.7
2000-12-21;148.6
2000-12-22;146.5
2000-12-23;145.9
2000-12-24;146.0
2000-12-25;155.3
2000-12-26;159.3
2000-12-27;159.9
2000-12-28;162.0
2000-12-29;171.9
2000-12-30;181.0
2000-12-31;176.8
2001-01-01;173.0
2001-01-02;174.9
2001-01-03;185.8
2001-01-04;179.2
2001-01-05;172.7
2001-01-06;169.6
2001-01-07;194.3
2001-01-08;214.9
2001-01-09;215.3
2001-01-10;209.0
2001-01-11;204.3
2001-01-12;200.9
2001-01-13;198.3
2001-01-14;195.2
2001-01-15;193.2
2001-01-16;192.0
2001-01-17;191.5
2001-01-18;202.5
2001-01-19;201.1
2001-01-20;197.9
2001-01-21;195.8
2001-01-22;194.1
2001-01-23;193.8
2001-01-24;193.6
2001-01-25;198.1
2001-01-26;210.9
2001-01-27;208.5
2001-01-28;210.3
2001-01-29;206.2
2001-01-30;214.0
2001-01-31;215.8
2001-02-01;213.2
2001-02-02;212.0
2001-02-03;214.9
2001-02-04;218.8
2001-02-05;217.5
2001-02-06;215.3
2001-02-07;213.8
2001-02-08;214.3
2001-02-09;225.1
2001-02-10;223.6
2001-02-11;219.2
2001-02-12;216.8
2001-02-13;214.0
2001-02-14;213.3
2001-02-15;211.4
2001-02-16;210.2
2001-02-17;210.7
2001-02-18;211.1
2001-02-19;209.4
2001-02-20;214.8
2001-02-21;222.9
2001-02-22;220.4
2001-02-23;219.4
2001-02-24;218.0
2001-02-25;216.6
2001-02-26;216.3
2001-02-27;215.4
2001-02-28;215.2
2001-03-01;214.1
2001-03-02;214.5
2001-03-03;217.9
2001-03-04;226.6
2001-03-05;236.1
2001-03-06;232.5
2001-03-07;229.8
2001-03-08;230.4
2001-03-09;240.4
2001-03-10;240.1
2001-03-11;237.3
2001-03-12;236.4
2001-03-13;259.9
2001-03-14;270.3
2001-03-15;279.1
2001-03-16;274.2
2001-03-17;277.0
2001-03-18;276.9
2001-03-19;270.5
2001-03-20;266.6
2001-03-21;265.1
2001-03-22;267.5
2001-03-23;264.9
2001-03-24;261.5
2001-03-25;260.3
2001-03-26;259.3
2001-03-27;258.5
2001-03-28;260.1
2001-03-29;259.9
2001-03-30;282.1
2001-03-31;283.2
2001-04-01;278.6
2001-04-02;275.1
2001-04-03;272.4
2001-04-04;269.4
2001-04-05;284.5
2001-04-06;282.3
2001-04-07;289.7
2001-04-08;297.2
2001-04-09;295.8
2001-04-10;294.9
2001-04-11;303.5
2001-04-12;299.4
2001-04-13;295.8
2001-04-14;294.9
2001-04-15;293.7
2001-04-16;293.5
2001-04-17;290.4
2001-04-18;288.6
2001-04-19;290.5
2001-04-20;310.8
2001-04-21;313.4
2001-04-22;306.4
2001-04-23;302.5
2001-04-24;298.5
2001-04-25;294.4
2001-04-26;294.3
2001-04-27;289.0
2001-04-28;284.6
2001-04-29;281.3
2001-04-30;278.2
2001-05-01;273.4
2001-05-02;268.9
2001-05-03;264.3
2001-05-04;261.5
2001-05-05;261.3
2001-05-06;257.5
2001-05-07;253.3
2001-05-08;248.7
2001-05-09;243.5
2001-05-10;239.4
2001-05-11;235.4
2001-05-12;231.8
2001-05-13;227.0
2001-05-14;223.3
2001-05-15;220.0
2001-05-16;216.9
2001-05-17;213.2
2001-05-18;207.6
2001-05-19;202.8
2001-05-20;197.0
2001-05-21;195.7
2001-05-22;191.9
2001-05-23;185.9
2001-05-24;179.1
2001-05-25;174.4
2001-05-26;169.9
2001-05-27;166.4
2001-05-28;155.4
2001-05-29;147.3
2001-05-30;137.7
2001-05-31;128.8
2001-06-01;122.5
2001-06-02;120.8
2001-06-03;120.3
2001-06-04;121.3
2001-06-05;116.9
2001-06-06;115.6
2001-06-07;109.8
2001-06-08;104.5
2001-06-09;97.9
2001-06-10;89.9
2001-06-11;93.1
2001-06-12;87.0
2001-06-13;82.3
2001-06-14;78.2
2001-06-15;71.0
2001-06-16;62.3
2001-06-17;59.3
2001-06-18;52.5
2001-06-19;47.3
2001-06-20;40.9
2001-06-21;30.0
2001-06-22;16.1
2001-06-23;4.9
2001-06-24;0.0
2001-06-25;0.0
2001-06-26;0.0
2001-06-27;0.0
2001-06-28;0.0
2001-06-29;0.0
2001-06-30;0.0
2001-07-01;0.0
2001-07-02;0.0
2001-07-03;0.0
2001-07-04;0.0
2001-07-05;0.0
2001-07-06;0.0
2001-07-07;0.0
2001-07-08;0.0
2001-07-09;0.0
2001-07-10;0.0
2001-07-11;0.0
2001-07-12;0.0
2001-07-13;0.0
2001-07-14;0.0
2001-07-15;0.0
2001-07-16;0.0
2001-07-17;0.0
2001-07-18;0.0
2001-07-19;0.3
2001-07-20;1.1
2001-07-21;0.0
2001-07-22;0.0
2001-07-23;0.0
2001-07-24;0.0
2001-07-25;0.0
2001-07-26;0.0
2001-07-27;0.0
2001-07-28;0.0
2001-07-29;0.0
2001-07-30;0.0
2001-07-31;0.0
2001-08-01;0.0
2001-08-02;0.0
2001-08-03;0.0
2001-08-04;0.0
2001-08-05;0.0
2001-08-06;0.0
2001-08-07;0.0
2001-08-08;0.0
2001-08-09;0.0
2001-08-10;0.0
2001-08-11;0.0
2001-08-12;0.0
2001-08-13;0.0
2001-08-14;0.0
2001-08-15;0.0
2001-08-16;0.0
2001-08-17;0.0
2001-08-18;0.0
2001-08-19;0.0
2001-08-20;0.0
2001-08-21;0.0
2001-08-22;0.0
2001-08-23;0.0
2001-08-24;0.0
2001-08-25;0.0
2001-08-26;0.0
2001-08-27;0.0
2001-08-28;0.0
2001-08-29;0.0
2001-08-30;0.0
2001-08-31;0.0
2001-09-01;0.0
2001-09-02;0.0
2001-09-03;0.0
2001-09-04;0.0
2001-09-05;0.0
2001-09-06;0.0
2001-09-07;0.0
2001-09-08;0.0
2001-09-09;0.0
2001-09-10;0.0
2001-09-11;0.0
2001-09-12;0.0
2001-09-13;0.0
2001-09-14;2.4
2001-09-15;3.3
2001-09-16;0.0
2001-09-17;0.0
2001-09-18;0.0
2001-09-19;2.8
2001-09-20;1.8
2001-09-21;0.0
2001-09-22;0.0
2001-09-23;0.0
2001-09-24;0.0
2001-09-25;2.3
2001-09-26;3.5
2001-09-27;0.0
2001-09-28;0.0
2001-09-29;0.0
2001-09-30;0.0
2001-10-01;0.0
2001-10-02;0.0
2001-10-03;0.0
2001-10-04;0.0
2001-10-05;0.0
2001-10-06;0.0
2001-10-07;0.0
2001-10-08;0.0
2001-10-09;0.0
2001-10-10;0.0
2001-10-11;0.0
2001-10-12;0.0
2001-10-13;0.0
2001-10-14;0.0
2001-10-15;0.0
2001-10-16;0.0
2001-10-17;0.0
2001-10-18;0.0
2001-10-19;0.0
2001-10-20;0.0
2001-10-21;0.4
2001-10-22;0.0
2001-10-23;0.0
2001-10-24;0.0
2001-10-25;0.0
2001-10-26;0.0
2001-10-27;0.0
2001-10-28;0.0
2001-10-29;0.0
2001-10-30;0.0
2001-10-31;0.0
2001-11-01;0.0
2001-11-02;0.0
2001-11-03;0.0
2001-11-04;0.0
2001-11-05;0.0
2001-11-06;0.0
2001-11-07;0.0
2001-11-08;0.0
2001-11-09;6.7
2001-11-10;6.5
2001-11-11;5.8
2001-11-12;7.6
2001-11-13;13.7
2001-11-14;11.7
2001-11-15;9.6
2001-11-16;9.7
2001-11-17;11.0
2001-11-18;10.4
2001-11-19;10.7
2001-11-20;10.1
2001-11-21;10.0
2001-11-22;9.9
2001-11-23;25.8
2001-11-24;23.0
2001-11-25;21.5
2001-11-26;21.3
2001-11-27;23.2
2001-11-28;24.5
2001-11-29;23.8
2001-11-30;25.9
2001-12-01;24.4
2001-12-02;21.9
2001-12-03;21.9
2001-12-04;21.8
2001-12-05;22.4
2001-12-06;22.9
2001-12-07;21.1
2001-12-08;20.6
2001-12-09;20.5
2001-12-10;20.7
2001-12-11;20.9
2001-12-12;20.0
2001-12-13;21.0
2001-12-14;20.7
2001-12-15;20.5
2001-12-16;20.4
2001-12-17;20.9
2001-12-18;20.6
2001-12-19;20.4
2001-12-20;21.1
2001-12-21;21.0
2001-12-22;21.2
2001-12-23;21.3
2001-12-24;21.0
2001-12-25;21.3
2001-12-26;21.6
2001-12-27;21.8
2001-12-28;21.8
2001-12-29;21.4
2001-12-30;23.1
2001-12-31;23.9
2002-01-01;23.7
2002-01-02;22.8
2002-01-03;21.5
2002-01-04;22.1
2002-01-05;21.6
2002-01-06;21.1
2002-01-07;21.8
2002-01-08;21.6
2002-01-09;21.6
2002-01-10;21.2
2002-01-11;21.1
2002-01-12;21.6
2002-01-13;21.9
2002-01-14;21.8
2002-01-15;21.9
2002-01-16;22.1
2002-01-17;21.6
2002-01-18;20.0
2002-01-19;20.1
2002-01-20;22.4
2002-01-21;22.8
2002-01-22;21.5
2002-01-23;21.3
2002-01-24;28.5
2002-01-25;29.6
2002-01-26;28.3
2002-01-27;28.2
2002-01-28;27.4
2002-01-29;26.6
2002-01-30;26.9
2002-01-31;27.0
2002-02-01;26.8
2002-02-02;26.4
2002-02-03;26.3
2002-02-04;26.5
2002-02-05;27.0
2002-02-06;36.0
2002-02-07;44.0
2002-02-08;41.9
2002-02-09;39.8
2002-02-10;44.3
2002-02-11;46.1
2002-02-12;43.9
2002-02-13;43.6
2002-02-14;43.6
2002-02-15;43.8
2002-02-16;53.6
2002-02-17;53.4
2002-02-18;53.0
2002-02-19;51.8
2002-02-20;50.6
2002-02-21;54.3
2002-02-22;58.0
2002-02-23;56.9
2002-02-24;66.2
2002-02-25;66.6
2002-02-26;63.6
2002-02-27;62.8
2002-02-28;64.9
2002-03-01;65.8
2002-03-02;74.4
2002-03-03;101.9
2002-03-04;96.6
2002-03-05;91.9
2002-03-06;91.5
2002-03-07;89.8
2002-03-08;85.5
2002-03-09;83.7
2002-03-10;82.0
2002-03-11;80.8
2002-03-12;78.4
2002-03-13;76.6
2002-03-14;77.5
2002-03-15;77.2
2002-03-16;76.0
2002-03-17;75.7
2002-03-18;75.6
2002-03-19;77.0
2002-03-20;74.0
2002-03-21;69.4
2002-03-22;77.1
2002-03-23;95.0
2002-03-24;92.3
2002-03-25;89.1
2002-03-26;87.8
2002-03-27;86.8
2002-03-28;86.3
2002-03-29;85.9
2002-03-30;85.4
2002-03-31;85.2
2002-04-01;83.6
2002-04-02;81.8
2002-04-03;80.7
2002-04-04;79.5
2002-04-05;78.9
2002-04-06;77.4
2002-04-07;76.5
2002-04-08;80.5
2002-04-09;87.5
2002-04-10;86.0
2002-04-11;85.8
2002-04-12;83.7
2002-04-13;84.9
2002-04-14;88.3
2002-04-15;113.5
2002-04-16;108.8
2002-04-17;100.4
2002-04-18;95.5
2002-04-19;92.4
2002-04-20;94.7
2002-04-21;91.8
2002-04-22;89.0
2002-04-23;87.1
2002-04-24;86.0
2002-04-25;84.7
2002-04-26;81.2
2002-04-27;80.5
2002-04-28;77.8
2002-04-29;76.1
2002-04-30;73.6
2002-05-01;71.5
2002-05-02;69.7
2002-05-03;79.5
2002-05-04;92.7
2002-05-05;97.0
2002-05-06;93.0
2002-05-07;87.4
2002-05-08;83.3
2002-05-09;80.5
2002-05-10;77.6
2002-05-11;75.7
2002-05-12;72.9
2002-05-13;69.3
2002-05-14;65.1
2002-05-15;59.2
2002-05-16;52.3
2002-05-17;44.3
2002-05-18;37.9
2002-05-19;30.9
2002-05-20;24.6
2002-05-21;17.3
2002-05-22;9.1
2002-05-23;1.8
2002-05-24;2.2
2002-05-25;0.0
2002-05-26;0.0
2002-05-27;0.0
2002-05-28;0.0
2002-05-29;0.0
2002-05-30;0.0
2002-05-31;0.0
2002-06-01;0.0
2002-06-02;0.0
2002-06-03;0.0
2002-06-04;0.0
2002-06-05;0.0
2002-06-06;0.0
2002-06-07;0.0
2002-06-08;0.0
2002-06-09;0.0
2002-06-10;0.0
2002-06-11;0.0
2002-06-12;0.0
2002-06-13;0.0
2002-06-14;0.0
2002-06-15;0.0
2002-06-16;0.0
2002-06-17;0.0
2002-06-18;0.0
2002-06-19;0.0
2002-06-20;0.0
2002-06-21;0.0
2002-06-22;0.0
2002-06-23;0.0
2002-06-24;0.0
2002-06-25;0.0
2002-06-26;0.0
2002-06-27;0.0
2002-06-28;0.0
2002-06-29;0.0
2002-06-30;0.0
2002-07-01;0.0
2002-07-02;0.0
2002-07-03;0.0
2002-07-04;0.0
2002-07-05;0.0
2002-07-06;0.0
2002-07-07;0.0
2002-07-08;0.0
2002-07-09;0.0
2002-07-10;0.0
2002-07-11;0.0
2002-07-12;0.0
2002-07-13;0.0
2002-07-14;0.0
2002-07-15;0.0
2002-07-16;0.0
2002-07-17;0.0
2002-07-18;0.0
2002-07-19;0.0
2002-07-20;0.0
2002-07-21;0.0
2002-07-22;0.0
2002-07-23;0.0
2002-07-24;0.0
2002-07-25;0.0
2002-07-26;0.0
2002-07-27;0.0
2002-07-28;0.0
2002-07-29;0.0
2002-07-30;0.0
2002-07-31;0.0
2002-08-01;0.0
2002-08-02;0.0
2002-08-03;0.0
2002-08-04;0.0
2002-08-05;0.0
2002-08-06;0.0
2002-08-07;0.0
2002-08-08;0.0
2002-08-09;0.0
2002-08-10;0.0
2002-08-11;0.0
2002-08-12;0.0
2002-08-13;0.0
2002-08-14;0.0
2002-08-15;0.0
2002-08-16;0.0
2002-08-17;0.0
2002-08-18;0.0
2002-08-19;0.0
2002-08-20;0.0
2002-08-21;0.0
2002-08-22;0.0
2002-08-23;0.0
2002-08-24;0.0
2002-08-25;0.0
2002-08-26;0.0
2002-08-27;0.0
2002-08-28;0.0
2002-08-29;0.0
2002-08-30;0.0
2002-08-31;0.0
2002-09-01;0.0
2002-09-02;0.0
2002-09-03;0.0
2002-09-04;0.0
2002-09-05;0.0
2002-09-06;0.0
2002-09-07;0.0
2002-09-08;0.0
2002-09-09;0.0
2002-09-10;0.0
2002-09-11;0.0
2002-09-12;0.0
2002-09-13;0.0
2002-09-14;0.0
2002-09-15;0.0
2002-09-16;0.0
2002-09-17;0.0
2002-09-18;0.0
2002-09-19;0.0
2002-09-20;0.0
2002-09-21;0.0
2002-09-22;0.0
2002-09-23;0.1
2002-09-24;8.6
2002-09-25;3.2
2002-09-26;0.0
2002-09-27;0.0
2002-09-28;0.0
2002-09-29;0.0
2002-09-30;0.0
2002-10-01;0.0
2002-10-02;0.0
2002-10-03;0.0
2002-10-04;0.0
2002-10-05;0.0
2002-10-06;0.0
2002-10-07;0.0
2002-10-08;0.0
2002-10-09;0.0
2002-10-10;0.0
2002-10-11;0.0
2002-10-12;0.0
2002-10-13;0.0
2002-10-14;0.0
2002-10-15;0.0
2002-10-16;0.0
2002-10-17;2.4
2002-10-18;20.7
2002-10-19;14.8
2002-10-20;10.4
2002-10-21;8.6
2002-10-22;4.9
2002-10-23;4.5
2002-10-24;5.4
2002-10-25;5.8
2002-10-26;5.2
2002-10-27;1.6
2002-10-28;0.0
2002-10-29;0.0
2002-10-30;0.0
2002-10-31;0.0
2002-11-01;0.0
2002-11-02;2.1
2002-11-03;3.8
2002-11-04;4.2
2002-11-05;3.6
2002-11-06;3.5
2002-11-07;4.1
2002-11-08;4.5
2002-11-09;3.6
2002-11-10;3.9
2002-11-11;6.9
2002-11-12;7.3
2002-11-13;10.5
2002-11-14;25.8
2002-11-15;73.3
2002-11-16;82.8
2002-11-17;77.3
2002-11-18;84.2
2002-11-19;97.4
2002-11-20;94.5
2002-11-21;90.9
2002-11-22;97.0
2002-11-23;97.7
2002-11-24;100.3
2002-11-25;123.3
2002-11-26;119.5
2002-11-27;116.3
2002-11-28;113.7
2002-11-29;130.2
2002-11-30;136.4
2002-12-01;131.5
2002-12-02;131.6
2002-12-03;136.4
2002-12-04;134.4
2002-12-05;132.9
2002-12-06;131.0
2002-12-07;129.8
2002-12-08;128.3
2002-12-09;129.0
2002-12-10;130.4
2002-12-11;129.7
2002-12-12;128.5
2002-12-13;129.6
2002-12-14;129.9
2002-12-15;130.7
2002-12-16;130.8
2002-12-17;133.5
2002-12-18;132.7
2002-12-19;131.3
2002-12-20;130.6
2002-12-21;132.1
2002-12-22;133.6
2002-12-23;142.9
2002-12-24;140.4
2002-12-25;140.1
2002-12-26;139.0
2002-12-27;139.5
2002-12-28;150.9
2002-12-29;158.5
2002-12-30;161.3
2002-12-31;168.9
2003-01-01;167.8
2003-01-02;166.0
2003-01-03;166.2
2003-01-04;164.1
2003-01-05;180.1
2003-01-06;179.1
2003-01-07;175.7
2003-01-08;172.9
2003-01-09;170.9
2003-01-10;169.0
2003-01-11;167.7
2003-01-12;166.8
2003-01-13;166.9
2003-01-14;168.4
2003-01-15;167.2
2003-01-16;166.9
2003-01-17;166.0
2003-01-18;165.6
2003-01-19;165.0
2003-01-20;164.6
2003-01-21;168.1
2003-01-22;179.7
2003-01-23;177.5
2003-01-24;179.5
2003-01-25;178.8
2003-01-26;178.2
2003-01-27;179.4
2003-01-28;180.3
2003-01-29;179.4
2003-01-30;179.0
2003-01-31;179.5
2003-02-01;178.8
2003-02-02;178.8
2003-02-03;178.2
2003-02-04;186.0
2003-02-05;186.9
2003-02-06;185.1
2003-02-07;183.0
2003-02-08;181.8
2003-02-09;180.7
2003-02-10;180.1
2003-02-11;179.8
2003-02-12;179.5
2003-02-13;179.0
2003-02-14;178.8
2003-02-15;178.5
2003-02-16;183.3
2003-02-17;189.7
2003-02-18;186.7
2003-02-19;184.1
2003-02-20;182.5
2003-02-21;181.6
2003-02-22;180.9
2003-02-23;180.1
2003-02-24;180.1
2003-02-25;180.3
2003-02-26;180.3
2003-02-27;179.7
2003-02-28;179.6
2003-03-01;179.4
2003-03-02;180.6
2003-03-03;182.1
2003-03-04;181.0
2003-03-05;179.9
2003-03-06;179.4
2003-03-07;179.4
2003-03-08;179.3
2003-03-09;178.5
2003-03-10;177.2
2003-03-11;175.3
2003-03-12;175.5
2003-03-13;175.4
2003-03-14;174.3
2003-03-15;174.6
2003-03-16;174.1
2003-03-17;173.2
2003-03-18;172.9
2003-03-19;173.3
2003-03-20;173.1
2003-03-21;172.6
2003-03-22;172.2
2003-03-23;172.2
2003-03-24;171.3
2003-03-25;170.3
2003-03-26;169.4
2003-03-27;168.6
2003-03-28;166.4
2003-03-29;164.5
2003-03-30;163.9
2003-03-31;164.0
2003-04-01;161.0
2003-04-02;167.1
2003-04-03;172.8
2003-04-04;176.7
2003-04-05;175.4
2003-04-06;174.6
2003-04-07;174.5
2003-04-08;173.0
2003-04-09;173.8
2003-04-10;180.7
2003-04-11;178.6
2003-04-12;180.9
2003-04-13;180.3
2003-04-14;176.7
2003-04-15;174.9
2003-04-16;172.4
2003-04-17;168.2
2003-04-18;165.7
2003-04-19;167.0
2003-04-20;167.0
2003-04-21;164.7
2003-04-22;163.0
2003-04-23;161.9
2003-04-24;159.5
2003-04-25;153.7
2003-04-26;151.7
2003-04-27;149.3
2003-04-28;144.4
2003-04-29;140.2
2003-04-30;134.1
2003-05-01;127.3
2003-05-02;123.6
2003-05-03;119.8
2003-05-04;112.9
2003-05-05;104.9
2003-05-06;96.4
2003-05-07;87.6
2003-05-08;78.1
2003-05-09;71.1
2003-05-10;66.8
2003-05-11;63.0
2003-05-12;59.6
2003-05-13;56.6
2003-05-14;54.3
2003-05-15;51.8
2003-05-16;47.7
2003-05-17;43.7
2003-05-18;37.4
2003-05-19;29.5
2003-05-20;31.7
2003-05-21;30.3
2003-05-22;26.9
2003-05-23;18.6
2003-05-24;8.7
2003-05-25;2.3
2003-05-26;0.0
2003-05-27;0.0
2003-05-28;0.0
2003-05-29;0.0
2003-05-30;0.0
2003-05-31;0.0
2003-06-01;0.0
2003-06-02;0.0
2003-06-03;0.0
2003-06-04;0.0
2003-06-05;0.0
2003-06-06;0.0
2003-06-07;0.0
2003-06-08;0.0
2003-06-09;0.0
2003-06-10;0.0
2003-06-11;0.0
2003-06-12;0.0
2003-06-13;0.0
2003-06-14;0.0
2003-06-15;0.0
2003-06-16;0.0
2003-06-17;0.0
2003-06-18;0.0
2003-06-19;0.0
2003-06-20;0.0
2003-06-21;0.0
2003-06-22;0.0
2003-06-23;0.0
2003-06-24;0.0
2003-06-25;0.0
2003-06-26;0.0
2003-06-27;0.0
2003-06-28;0.0
2003-06-29;0.0
2003-06-30;0.0
2003-07-01;0.0
2003-07-02;0.0
2003-07-03;0.0
2003-07-04;0.0
2003-07-05;0.0
2003-07-06;0.0
2003-07-07;0.0
2003-07-08;0.0
2003-07-09;0.0
2003-07-10;0.0
2003-07-11;0.0
2003-07-12;0.0
2003-07-13;0.0
2003-07-14;0.0
2003-07-15;0.0
2003-07-16;0.0
2003-07-17;0.0
2003-07-18;0.0
2003-07-19;0.0
2003-07-20;0.0
2003-07-21;0.0
2003-07-22;0.0
2003-07-23;0.0
2003-07-24;0.0
2003-07-25;0.0
2003-07-26;0.0
2003-07-27;0.0
2003-07-28;0.0
2003-07-29;0.0
2003-07-30;0.0
2003-07-31;0.0
2003-08-01;0.0
2003-08-02;0.0
2003-08-03;0.0
2003-08-04;0.0
2003-08-05;0.0
2003-08-06;0.0
2003-08-07;0.0
2003-08-08;0.0
2003-08-09;0.0
2003-08-10;0.0
2003-08-11;0.0
2003-08-12;0.0
2003-08-13;0.0
2003-08-14;0.0
2003-08-15;0.0
2003-08-16;0.0
2003-08-17;0.0
2003-08-18;0.0
2003-08-19;0.0
2003-08-20;0.0
2003-08-21;0.0
2003-08-22;0.0
2003-08-23;0.0
2003-08-24;0.0
2003-08-25;0.0
2003-08-26;0.0
2003-08-27;0.0
2003-08-28;0.0
2003-08-29;0.0
2003-08-30;0.0
2003-08-31;0.0
2003-09-01;0.0
2003-09-02;0.0
2003-09-03;0.0
2003-09-04;0.0
2003-09-05;0.0
2003-09-06;0.0
2003-09-07;0.0
2003-09-08;0.0
2003-09-09;0.0
2003-09-10;0.0
2003-09-11;0.0
2003-09-12;0.0
2003-09-13;0.0
2003-09-14;0.0
2003-09-15;0.0
2003-09-16;0.0
2003-09-17;0.0
2003-09-18;0.0
2003-09-19;0.0
2003-09-20;0.0
2003-09-21;0.0
2003-09-22;0.0
2003-09-23;0.0
2003-09-24;0.0
2003-09-25;0.0
2003-09-26;0.0
2003-09-27;0.0
2003-09-28;0.0
2003-09-29;0.0
2003-09-30;0.0
2003-10-01;0.0
2003-10-02;0.0
2003-10-03;0.0
2003-10-04;0.2
2003-10-05;19.1
2003-10-06;28.4
2003-10-07;26.2
2003-10-08;29.1
2003-10-09;26.1
2003-10-10;19.3
2003-10-11;15.7
2003-10-12;13.5
2003-10-13;12.4
2003-10-14;9.3
2003-10-15;8.8
2003-10-16;8.6
2003-10-17;9.5
2003-10-18;9.3
2003-10-19;7.9
2003-10-20;19.2
2003-10-21;27.6
2003-10-22;29.5
2003-10-23;35.1
2003-10-24;44.0
2003-10-25;39.3
2003-10-26;36.9
2003-10-27;35.0
2003-10-28;33.9
2003-10-29;37.0
2003-10-30;41.8
2003-10-31;45.3
2003-11-01;84.5
2003-11-02;81.0
2003-11-03;75.3
2003-11-04;71.5
2003-11-05;69.5
2003-11-06;67.4
2003-11-07;70.5
2003-11-08;74.3
2003-11-09;73.2
2003-11-10;70.7
2003-11-11;69.1
2003-11-12;67.9
2003-11-13;67.2
2003-11-14;65.7
2003-11-15;65.1
2003-11-16;66.4
2003-11-17;77.1
2003-11-18;72.8
2003-11-19;68.5
2003-11-20;66.9
2003-11-21;65.0
2003-11-22;67.2
2003-11-23;66.1
2003-11-24;66.0
2003-11-25;66.0
2003-11-26;67.7
2003-11-27;72.2
2003-11-28;109.0
2003-11-29;106.7
2003-11-30;102.2
2003-12-01;99.5
2003-12-02;98.4
2003-12-03;95.7
2003-12-04;93.9
2003-12-05;91.8
2003-12-06;91.8
2003-12-07;92.1
2003-12-08;90.4
2003-12-09;89.6
2003-12-10;89.6
2003-12-11;90.1
2003-12-12;90.4
2003-12-13;90.0
2003-12-14;100.8
2003-12-15;104.4
2003-12-16;102.4
2003-12-17;101.0
2003-12-18;100.3
2003-12-19;99.9
2003-12-20;99.3
2003-12-21;101.0
2003-12-22;104.7
2003-12-23;100.7
2003-12-24;99.5
2003-12-25;98.8
2003-12-26;98.1
2003-12-27;98.5
2003-12-28;106.8
2003-12-29;139.4
2003-12-30;141.5
2003-12-31;137.0
2004-01-01;134.6
2004-01-02;132.6
2004-01-03;129.0
2004-01-04;128.4
2004-01-05;132.0
2004-01-06;128.3
2004-01-07;126.3
2004-01-08;124.6
2004-01-09;126.7
2004-01-10;138.7
2004-01-11;136.9
2004-01-12;140.1
2004-01-13;149.8
2004-01-14;157.9
2004-01-15;156.4
2004-01-16;152.9
2004-01-17;155.0
2004-01-18;154.5
2004-01-19;152.5
2004-01-20;154.2
2004-01-21;152.9
2004-01-22;151.1
2004-01-23;150.1
2004-01-24;148.9
2004-01-25;148.2
2004-01-26;147.8
2004-01-27;147.5
2004-01-28;148.4
2004-01-29;150.0
2004-01-30;151.3
2004-01-31;150.6
2004-02-01;149.6
2004-02-02;148.2
2004-02-03;146.3
2004-02-04;145.4
2004-02-05;144.8
2004-02-06;144.8
2004-02-07;145.5
2004-02-08;146.2
2004-02-09;146.9
2004-02-10;140.9
2004-02-11;141.8
2004-02-12;141.5
2004-02-13;140.2
2004-02-14;139.4
2004-02-15;139.3
2004-02-16;139.3
2004-02-17;138.6
2004-02-18;139.8
2004-02-19;143.2
2004-02-20;143.3
2004-02-21;143.1
2004-02-22;150.4
2004-02-23;158.1
2004-02-24;169.0
2004-02-25;164.7
2004-02-26;163.7
2004-02-27;167.5
2004-02-28;173.1
2004-02-29;174.0
2004-03-01;172.4
2004-03-02;171.3
2004-03-03;170.5
2004-03-04;169.4
2004-03-05;167.4
2004-03-06;168.7
2004-03-07;171.6
2004-03-08;173.8
2004-03-09;173.9
2004-03-10;174.3
2004-03-11;187.0
2004-03-12;187.3
2004-03-13;183.8
2004-03-14;180.4
2004-03-15;176.6
2004-03-16;175.4
2004-03-17;172.9
2004-03-18;170.1
2004-03-19;168.6
2004-03-20;166.1
2004-03-21;164.3
2004-03-22;173.5
2004-03-23;174.6
2004-03-24;178.2
2004-03-25;178.9
2004-03-26;178.2
2004-03-27;178.5
2004-03-28;178.4
2004-03-29;177.3
2004-03-30;177.0
2004-03-31;176.0
2004-04-01;173.9
2004-04-02;173.3
2004-04-03;172.4
2004-04-04;171.0
2004-04-05;171.2
2004-04-06;169.6
2004-04-07;169.8
2004-04-08;168.7
2004-04-09;170.9
2004-04-10;177.6
2004-04-11;187.2
2004-04-12;183.3
2004-04-13;180.9
2004-04-14;177.3
2004-04-15;178.6
2004-04-16;178.3
2004-04-17;174.0
2004-04-18;173.9
2004-04-19;185.1
2004-04-20;192.4
2004-04-21;185.1
2004-04-22;178.9
2004-04-23;174.5
2004-04-24;170.7
2004-04-25;168.1
2004-04-26;166.6
2004-04-27;164.5
2004-04-28;161.7
2004-04-29;159.7
2004-04-30;158.0
2004-05-01;156.6
2004-05-02;155.0
2004-05-03;157.8
2004-05-04;159.5
2004-05-05;163.2
2004-05-06;185.8
2004-05-07;184.1
2004-05-08;174.6
2004-05-09;171.3
2004-05-10;166.9
2004-05-11;160.7
2004-05-12;158.0
2004-05-13;156.8
2004-05-14;153.8
2004-05-15;149.5
2004-05-16;145.1
2004-05-17;139.4
2004-05-18;134.2
2004-05-19;129.0
2004-05-20;122.6
2004-05-21;117.7
2004-05-22;113.9
2004-05-23;111.0
2004-05-24;105.7
2004-05-25;100.5
2004-05-26;95.9
2004-05-27;91.0
2004-05-28;87.2
2004-05-29;83.3
2004-05-30;78.0
2004-05-31;74.2
2004-06-01;73.6
2004-06-02;69.9
2004-06-03;64.8
2004-06-04;58.6
2004-06-05;52.0
2004-06-06;44.5
2004-06-07;35.8
2004-06-08;25.2
2004-06-09;11.9
2004-06-10;1.3
2004-06-11;0.0
2004-06-12;0.0
2004-06-13;0.0
2004-06-14;0.0
2004-06-15;0.0
2004-06-16;0.0
2004-06-17;0.0
2004-06-18;0.0
2004-06-19;0.0
2004-06-20;1.4
2004-06-21;0.0
2004-06-22;0.0
2004-06-23;0.0
2004-06-24;0.0
2004-06-25;0.0
2004-06-26;0.0
2004-06-27;0.0
2004-06-28;0.0
2004-06-29;0.0
2004-06-30;0.0
2004-07-01;0.0
2004-07-02;0.0
2004-07-03;0.0
2004-07-04;0.0
2004-07-05;0.0
2004-07-06;0.0
2004-07-07;0.0
2004-07-08;0.0
2004-07-09;0.0
2004-07-10;0.0
2004-07-11;1.8
2004-07-12;0.0
2004-07-13;0.0
2004-07-14;0.0
2004-07-15;0.0
2004-07-16;0.0
2004-07-17;0.0
2004-07-18;0.0
2004-07-19;0.0
2004-07-20;0.0
2004-07-21;0.0
2004-07-22;0.0
2004-07-23;0.0
2004-07-24;0.0
2004-07-25;0.0
2004-07-26;0.0
2004-07-27;0.0
2004-07-28;0.0
2004-07-29;0.0
2004-07-30;0.0
2004-07-31;0.0
2004-08-01;0.0
2004-08-02;0.0
2004-08-03;0.0
2004-08-04;0.0
2004-08-05;0.0
2004-08-06;0.0
2004-08-07;0.0
2004-08-08;0.0
2004-08-09;0.0
2004-08-10;0.0
2004-08-11;0.0
2004-08-12;0.0
2004-08-13;0.0
2004-08-14;0.0
2004-08-15;0.0
2004-08-16;0.0
2004-08-17;0.0
2004-08-18;0.0
2004-08-19;0.0
2004-08-20;0.0
2004-08-21;0.0
2004-08-22;0.0
2004-08-23;0.0
2004-08-24;0.0
2004-08-25;0.0
2004-08-26;0.0
2004-08-27;0.0
2004-08-28;0.0
2004-08-29;0.0
2004-08-30;0.0
2004-08-31;0.0
2004-09-01;0.0
2004-09-02;0.0
2004-09-03;0.0
2004-09-04;0.0
2004-09-05;0.0
2004-09-06;0.0
2004-09-07;0.0
2004-09-08;0.0
2004-09-09;0.0
2004-09-10;0.0
2004-09-11;0.0
2004-09-12;0.0
2004-09-13;0.0
2004-09-14;0.0
2004-09-15;0.0
2004-09-16;0.0
2004-09-17;0.0
2004-09-18;0.0
2004-09-19;0.0
2004-09-20;0.0
2004-09-21;0.0
2004-09-22;0.0
2004-09-23;0.0
2004-09-24;0.0
2004-09-25;0.0
2004-09-26;0.0
2004-09-27;0.0
2004-09-28;0.0
2004-09-29;0.0
2004-09-30;0.0
2004-10-01;0.0
2004-10-02;0.0
2004-10-03;0.0
2004-10-04;0.0
2004-10-05;0.0
2004-10-06;0.0
2004-10-07;0.0
2004-10-08;0.0
2004-10-09;0.0
2004-10-10;0.0
2004-10-11;0.0
2004-10-12;0.0
2004-10-13;0.0
2004-10-14;0.6
2004-10-15;11.6
2004-10-16;21.7
2004-10-17;17.6
2004-10-18;14.9
2004-10-19;12.0
2004-10-20;7.2
2004-10-21;1.3
2004-10-22;0.0
2004-10-23;0.0
2004-10-24;0.0
2004-10-25;0.0
2004-10-26;0.0
2004-10-27;1.7
2004-10-28;2.3
2004-10-29;2.4
2004-10-30;2.4
2004-10-31;4.1
2004-11-01;1.5
2004-11-02;0.0
2004-11-03;0.0
2004-11-04;0.0
2004-11-05;0.0
2004-11-06;0.0
2004-11-07;0.0
2004-11-08;0.0
2004-11-09;0.0
2004-11-10;0.0
2004-11-11;6.1
2004-11-12;5.0
2004-11-13;5.5
2004-11-14;5.6
2004-11-15;5.2
2004-11-16;5.5
2004-11-17;5.3
2004-11-18;4.8
2004-11-19;7.0
2004-11-20;8.5
2004-11-21;9.6
2004-11-22;8.9
2004-11-23;9.8
2004-11-24;9.0
2004-11-25;8.9
2004-11-26;8.9
2004-11-27;9.6
2004-11-28;9.5
2004-11-29;14.6
2004-11-30;26.5
2004-12-01;34.1
2004-12-02;32.4
2004-12-03;30.5
2004-12-04;29.3
2004-12-05;28.4
2004-12-06;26.9
2004-12-07;26.5
2004-12-08;26.2
2004-12-09;25.8
2004-12-10;25.2
2004-12-11;25.6
2004-12-12;25.7
2004-12-13;25.6
2004-12-14;25.6
2004-12-15;25.8
2004-12-16;26.8
2004-12-17;28.9
2004-12-18;51.6
2004-12-19;55.0
2004-12-20;54.4
2004-12-21;52.9
2004-12-22;51.6
2004-12-23;51.9
2004-12-24;51.1
2004-12-25;51.8
2004-12-26;61.5
2004-12-27;64.4
2004-12-28;63.6
2004-12-29;72.0
2004-12-30;68.2
2004-12-31;66.4
2005-01-01;64.8
2005-01-02;65.8
2005-01-03;71.7
2005-01-04;70.2
2005-01-05;69.2
2005-01-06;69.5
2005-01-07;68.1
2005-01-08;67.9
2005-01-09;67.4
2005-01-10;67.2
2005-01-11;67.0
2005-01-12;66.7
2005-01-13;67.3
2005-01-14;66.5
2005-01-15;65.9
2005-01-16;65.9
2005-01-17;66.0
2005-01-18;67.6
2005-01-19;72.5
2005-01-20;74.6
2005-01-21;82.9
2005-01-22;87.0
2005-01-23;84.6
2005-01-24;84.2
2005-01-25;83.2
2005-01-26;82.8
2005-01-27;81.4
2005-01-28;81.3
2005-01-29;80.7
2005-01-30;80.2
2005-01-31;80.0
2005-02-01;81.7
2005-02-02;80.5
2005-02-03;78.1
2005-02-04;76.8
2005-02-05;76.4
2005-02-06;77.3
2005-02-07;76.8
2005-02-08;76.3
2005-02-09;76.2
2005-02-10;76.1
2005-02-11;76.4
2005-02-12;76.8
2005-02-13;89.3
2005-02-14;90.1
2005-02-15;88.9
2005-02-16;88.4
2005-02-17;86.6
2005-02-18;85.8
2005-02-19;85.9
2005-02-20;87.3
2005-02-21;87.9
2005-02-22;87.9
2005-02-23;89.7
2005-02-24;88.6
2005-02-25;86.4
2005-02-26;86.1
2005-02-27;87.5
2005-02-28;87.6
2005-03-01;86.5
2005-03-02;86.5
2005-03-03;90.0
2005-03-04;93.4
2005-03-05;92.1
2005-03-06;92.1
2005-03-07;91.8
2005-03-08;90.9
2005-03-09;89.7
2005-03-10;89.2
2005-03-11;88.4
2005-03-12;89.5
2005-03-13;90.0
2005-03-14;89.5
2005-03-15;89.2
2005-03-16;86.9
2005-03-17;85.9
2005-03-18;83.8
2005-03-19;79.4
2005-03-20;76.1
2005-03-21;74.3
2005-03-22;71.8
2005-03-23;67.2
2005-03-24;61.5
2005-03-25;59.9
2005-03-26;57.6
2005-03-27;58.2
2005-03-28;55.7
2005-03-29;54.8
2005-03-30;55.5
2005-03-31;54.8
2005-04-01;54.0
2005-04-02;52.1
2005-04-03;49.5
2005-04-04;47.7
2005-04-05;45.9
2005-04-06;42.6
2005-04-07;39.5
2005-04-08;47.2
2005-04-09;77.1
2005-04-10;76.5
2005-04-11;69.3
2005-04-12;63.6
2005-04-13;57.2
2005-04-14;53.0
2005-04-15;53.1
2005-04-16;58.1
2005-04-17;65.9
2005-04-18;63.0
2005-04-19;65.5
2005-04-20;78.0
2005-04-21;75.3
2005-04-22;72.2
2005-04-23;70.4
2005-04-24;68.6
2005-04-25;76.6
2005-04-26;75.8
2005-04-27;67.3
2005-04-28;63.4
2005-04-29;60.9
2005-04-30;54.5
2005-05-01;47.4
2005-05-02;40.2
2005-05-03;34.3
2005-05-04;34.4
2005-05-05;34.7
2005-05-06;29.4
2005-05-07;23.0
2005-05-08;19.4
2005-05-09;15.6
2005-05-10;10.9
2005-05-11;4.8
2005-05-12;0.0
2005-05-13;0.0
2005-05-14;0.0
2005-05-15;0.0
2005-05-16;0.6
2005-05-17;1.2
2005-05-18;5.9
2005-05-19;3.0
2005-05-20;0.0
2005-05-21;0.0
2005-05-22;0.0
2005-05-23;3.0
2005-05-24;2.6
2005-05-25;0.0
2005-05-26;0.0
2005-05-27;0.0
2005-05-28;0.0
2005-05-29;0.0
2005-05-30;0.0
2005-05-31;0.0
2005-06-01;0.0
2005-06-02;0.0
2005-06-03;0.0
2005-06-04;0.0
2005-06-05;0.0
2005-06-06;0.0
2005-06-07;0.0
2005-06-08;0.0
2005-06-09;0.0
2005-06-10;0.0
2005-06-11;0.0
2005-06-12;0.0
2005-06-13;0.0
2005-06-14;0.0
2005-06-15;0.0
2005-06-16;0.0
2005-06-17;0.0
2005-06-18;0.0
2005-06-19;0.0
2005-06-20;0.0
2005-06-21;0.0
2005-06-22;0.0
2005-06-23;0.0
2005-06-24;0.0
2005-06-25;0.0
2005-06-26;0.0
2005-06-27;0.0
2005-06-28;0.0
2005-06-29;0.0
2005-06-30;0.0
2005-07-01;0.0
2005-07-02;0.0
2005-07-03;0.0
2005-07-04;0.0
2005-07-05;0.0
2005-07-06;0.0
2005-07-07;0.0
2005-07-08;0.0
2005-07-09;0.0
2005-07-10;0.0
2005-07-11;0.0
2005-07-12;0.0
2005-07-13;0.0
2005-07-14;0.0
2005-07-15;0.0
2005-07-16;0.0
2005-07-17;0.0
2005-07-18;0.0
2005-07-19;0.0
2005-07-20;0.0
2005-07-21;0.0
2005-07-22;0.0
2005-07-23;0.0
2005-07-24;0.0
2005-07-25;0.0
2005-07-26;0.0
2005-07-27;0.0
2005-07-28;0.0
2005-07-29;0.0
2005-07-30;0.0
2005-07-31;0.0
2005-08-01;0.0
2005-08-02;0.0
2005-08-03;0.0
2005-08-04;0.0
2005-08-05;0.0
2005-08-06;0.0
2005-08-07;0.0
2005-08-08;0.0
2005-08-09;0.0
2005-08-10;0.0
2005-08-11;0.0
2005-08-12;0.0
2005-08-13;0.0
2005-08-14;0.0
2005-08-15;0.0
2005-08-16;0.0
2005-08-17;0.0
2005-08-18;0.0
2005-08-19;0.0
2005-08-20;0.0
2005-08-21;0.0
2005-08-22;0.0
2005-08-23;0.0
2005-08-24;0.0
2005-08-25;0.0
2005-08-26;0.0
2005-08-27;0.0
2005-08-28;0.0
2005-08-29;0.0
2005-08-30;0.0
2005-08-31;0.0
2005-09-01;0.0
2005-09-02;0.0
2005-09-03;0.0
2005-09-04;0.0
2005-09-05;0.0
2005-09-06;0.0
2005-09-07;0.0
2005-09-08;0.0
2005-09-09;0.0
2005-09-10;0.0
2005-09-11;0.0
2005-09-12;0.0
2005-09-13;0.0
2005-09-14;0.0
2005-09-15;0.0
2005-09-16;0.0
2005-09-17;0.4
2005-09-18;0.0
2005-09-19;0.0
2005-09-20;0.0
2005-09-21;0.0
2005-09-22;0.0
2005-09-23;0.0
2005-09-24;0.0
2005-09-25;0.0
2005-09-26;0.0
2005-09-27;0.0
2005-09-28;0.0
2005-09-29;0.0
2005-09-30;0.0
2005-10-01;0.0
2005-10-02;10.3
2005-10-03;32.2
2005-10-04;33.7
2005-10-05;32.0
2005-10-06;22.6
2005-10-07;18.6
2005-10-08;11.7
2005-10-09;6.3
2005-10-10;3.2
2005-10-11;2.4
2005-10-12;0.0
2005-10-13;0.0
2005-10-14;0.0
2005-10-15;0.0
2005-10-16;0.0
2005-10-17;0.0
2005-10-18;0.0
2005-10-19;0.0
2005-10-20;0.0
2005-10-21;0.0
2005-10-22;0.0
2005-10-23;0.0
2005-10-24;0.0
2005-10-25;0.0
2005-10-26;0.0
2005-10-27;0.0
2005-10-28;0.0
2005-10-29;0.0
2005-10-30;0.0
2005-10-31;0.0
2005-11-01;0.0
2005-11-02;0.0
2005-11-03;0.0
2005-11-04;0.0
2005-11-05;0.0
2005-11-06;4.8
2005-11-07;3.1
2005-11-08;2.5
2005-11-09;2.9
2005-11-10;2.9
2005-11-11;3.2
2005-11-12;3.8
2005-11-13;4.3
2005-11-14;3.9
2005-11-15;4.3
2005-11-16;4.6
2005-11-17;4.0
2005-11-18;4.1
2005-11-19;4.8
2005-11-20;5.0
2005-11-21;5.0
2005-11-22;4.6
2005-11-23;3.8
2005-11-24;4.9
2005-11-25;9.3
2005-11-26;14.9
2005-11-27;20.5
2005-11-28;17.4
2005-11-29;20.4
2005-11-30;22.2
2005-12-01;21.0
2005-12-02;21.9
2005-12-03;41.5
2005-12-04;45.0
2005-12-05;44.0
2005-12-06;41.7
2005-12-07;39.1
2005-12-08;37.8
2005-12-09;37.8
2005-12-10;36.4
2005-12-11;35.2
2005-12-12;34.4
2005-12-13;36.0
2005-12-14;33.5
2005-12-15;35.5
2005-12-16;57.3
2005-12-17;95.7
2005-12-18;94.4
2005-12-19;91.5
2005-12-20;89.7
2005-12-21;88.5
2005-12-22;88.5
2005-12-23;88.1
2005-12-24;86.6
2005-12-25;86.0
2005-12-26;85.7
2005-12-27;86.7
2005-12-28;90.1
2005-12-29;87.1
2005-12-30;87.3
2005-12-31;92.5
2006-01-01;93.1
2006-01-02;96.6
2006-01-03;98.5
2006-01-04;97.1
2006-01-05;96.7
2006-01-06;95.6
2006-01-07;95.4
2006-01-08;94.4
2006-01-09;93.9
2006-01-10;93.4
2006-01-11;92.7
2006-01-12;93.4
2006-01-13;93.3
2006-01-14;93.1
2006-01-15;93.2
2006-01-16;93.4
2006-01-17;94.3
2006-01-18;100.4
2006-01-19;103.6
2006-01-20;102.3
2006-01-21;102.4
2006-01-22;101.8
2006-01-23;100.8
2006-01-24;100.1
2006-01-25;100.0
2006-01-26;101.9
2006-01-27;114.1
2006-01-28;114.5
2006-01-29;110.9
2006-01-30;109.4
2006-01-31;108.5
2006-02-01;108.2
2006-02-02;107.7
2006-02-03;107.0
2006-02-04;106.5
2006-02-05;106.2
2006-02-06;110.5
2006-02-07;114.9
2006-02-08;113.6
2006-02-09;114.0
2006-02-10;113.9
2006-02-11;113.5
2006-02-12;112.7
2006-02-13;111.9
2006-02-14;112.3
2006-02-15;113.5
2006-02-16;117.6
2006-02-17;120.1
2006-02-18;130.6
2006-02-19;138.4
2006-02-20;141.0
2006-02-21;141.5
2006-02-22;138.9
2006-02-23;136.1
2006-02-24;134.2
2006-02-25;132.1
2006-02-26;133.0
2006-02-27;132.0
2006-02-28;131.4
2006-03-01;130.5
2006-03-02;131.2
2006-03-03;131.3
2006-03-04;137.1
2006-03-05;166.8
2006-03-06;176.9
2006-03-07;179.3
2006-03-08;176.3
2006-03-09;179.3
2006-03-10;179.3
2006-03-11;176.5
2006-03-12;179.9
2006-03-13;175.4
2006-03-14;172.9
2006-03-15;170.4
2006-03-16;169.9
2006-03-17;167.8
2006-03-18;165.2
2006-03-19;164.0
2006-03-20;163.8
2006-03-21;165.6
2006-03-22;164.8
2006-03-23;161.6
2006-03-24;164.8
2006-03-25;163.0
2006-03-26;158.2
2006-03-27;154.8
2006-03-28;159.6
2006-03-29;169.6
2006-03-30;165.6
2006-03-31;164.6
2006-04-01;162.3
2006-04-02;161.4
2006-04-03;161.0
2006-04-04;159.8
2006-04-05;162.5
2006-04-06;169.4
2006-04-07;166.5
2006-04-08;163.5
2006-04-09;162.0
2006-04-10;168.5
2006-04-11;197.1
2006-04-12;190.2
2006-04-13;184.9
2006-04-14;179.6
2006-04-15;175.9
2006-04-16;174.0
2006-04-17;169.4
2006-04-18;167.6
2006-04-19;164.8
2006-04-20;162.7
2006-04-21;159.6
2006-04-22;157.1
2006-04-23;153.7
2006-04-24;151.3
2006-04-25;148.9
2006-04-26;150.2
2006-04-27;150.5
2006-04-28;145.6
2006-04-29;143.6
2006-04-30;139.4
2006-05-01;137.0
2006-05-02;134.9
2006-05-03;132.4
2006-05-04;129.2
2006-05-05;126.4
2006-05-06;130.9
2006-05-07;125.3
2006-05-08;123.4
2006-05-09;130.9
2006-05-10;128.6
2006-05-11;123.3
2006-05-12;121.6
2006-05-13;116.1
2006-05-14;114.8
2006-05-15;109.7
2006-05-16;103.6
2006-05-17;96.0
2006-05-18;87.4
2006-05-19;79.5
2006-05-20;71.8
2006-05-21;67.3
2006-05-22;63.2
2006-05-23;55.5
2006-05-24;55.3
2006-05-25;51.2
2006-05-26;43.3
2006-05-27;31.4
2006-05-28;20.4
2006-05-29;8.4
2006-05-30;4.1
2006-05-31;2.6
2006-06-01;0.0
2006-06-02;0.0
2006-06-03;0.0
2006-06-04;0.0
2006-06-05;0.0
2006-06-06;0.0
2006-06-07;0.0
2006-06-08;0.0
2006-06-09;0.0
2006-06-10;0.0
2006-06-11;0.0
2006-06-12;0.0
2006-06-13;0.0
2006-06-14;0.0
2006-06-15;0.0
2006-06-16;0.0
2006-06-17;0.0
2006-06-18;0.0
2006-06-19;0.0
2006-06-20;0.0
2006-06-21;0.0
2006-06-22;0.0
2006-06-23;0.0
2006-06-24;0.0
2006-06-25;0.0
2006-06-26;0.0
2006-06-27;0.0
2006-06-28;0.0
2006-06-29;0.0
2006-06-30;0.0
2006-07-01;0.0
2006-07-02;0.0
2006-07-03;0.0
2006-07-04;0.0
2006-07-05;0.0
2006-07-06;0.0
2006-07-07;0.0
2006-07-08;0.0
2006-07-09;0.0
2006-07-10;0.0
2006-07-11;0.0
2006-07-12;0.0
2006-07-13;0.0
2006-07-14;0.0
2006-07-15;0.0
2006-07-16;0.0
2006-07-17;0.0
2006-07-18;0.0
2006-07-19;0.0
2006-07-20;0.0
2006-07-21;0.0
2006-07-22;0.0
2006-07-23;0.0
2006-07-24;0.0
2006-07-25;0.0
2006-07-26;0.0
2006-07-27;0.0
2006-07-28;0.0
2006-07-29;0.0
2006-07-30;0.0
2006-07-31;0.0
2006-08-01;0.0
2006-08-02;0.0
2006-08-03;0.0
2006-08-04;0.0
2006-08-05;0.0
2006-08-06;0.0
2006-08-07;0.0
2006-08-08;0.0
2006-08-09;0.0
2006-08-10;0.0
2006-08-11;0.0
2006-08-12;0.0
2006-08-13;0.0
2006-08-14;0.0
2006-08-15;0.0
2006-08-16;0.0
2006-08-17;0.0
2006-08-18;0.0
2006-08-19;0.0
2006-08-20;0.0
2006-08-21;0.0
2006-08-22;0.0
2006-08-23;0.0
2006-08-24;0.0
2006-08-25;0.0
2006-08-26;0.0
2006-08-27;0.0
2006-08-28;0.0
2006-08-29;0.0
2006-08-30;0.7
2006-08-31;0.0
2006-09-01;0.0
2006-09-02;0.0
2006-09-03;0.0
2006-09-04;0.0
2006-09-05;0.0
2006-09-06;0.0
2006-09-07;0.0
2006-09-08;0.0
2006-09-09;0.0
2006-09-10;0.0
2006-09-11;0.0
2006-09-12;0.0
2006-09-13;0.0
2006-09-14;0.0
2006-09-15;0.0
2006-09-16;0.0
2006-09-17;0.0
2006-09-18;0.7
2006-09-19;0.0
2006-09-20;0.0
2006-09-21;0.0
2006-09-22;0.0
2006-09-23;0.0
2006-09-24;0.0
2006-09-25;0.0
2006-09-26;0.0
2006-09-27;0.0
2006-09-28;0.0
2006-09-29;0.0
2006-09-30;0.0
2006-10-01;0.0
2006-10-02;0.0
2006-10-03;0.0
2006-10-04;4.9
2006-10-05;2.9
2006-10-06;0.0
2006-10-07;0.0
2006-10-08;0.0
2006-10-09;0.0
2006-10-10;0.0
2006-10-11;0.0
2006-10-12;0.0
2006-10-13;0.0
2006-10-14;0.0
2006-10-15;0.0
2006-10-16;0.0
2006-10-17;0.0
2006-10-18;0.0
2006-10-19;0.0
2006-10-20;0.0
2006-10-21;0.0
2006-10-22;0.0
2006-10-23;0.0
2006-10-24;0.0
2006-10-25;0.0
2006-10-26;0.0
2006-10-27;0.0
2006-10-28;0.0
2006-10-29;0.0
2006-10-30;0.0
2006-10-31;0.0
2006-11-01;0.0
2006-11-02;0.0
2006-11-03;0.0
2006-11-04;0.0
2006-11-05;0.0
2006-11-06;0.0
2006-11-07;0.0
2006-11-08;0.0
2006-11-09;0.0
2006-11-10;0.0
2006-11-11;0.0
2006-11-12;0.0
2006-11-13;0.0
2006-11-14;0.0
2006-11-15;0.0
2006-11-16;0.0
2006-11-17;0.7
2006-11-18;9.7
2006-11-19;7.9
2006-11-20;11.4
2006-11-21;12.7
2006-11-22;25.2
2006-11-23;24.0
2006-11-24;22.5
2006-11-25;19.5
2006-11-26;17.6
2006-11-27;17.0
2006-11-28;17.0
2006-11-29;17.0
2006-11-30;17.1
2006-12-01;16.1
2006-12-02;16.7
2006-12-03;17.7
2006-12-04;18.4
2006-12-05;18.3
2006-12-06;25.0
2006-12-07;38.9
2006-12-08;35.7
2006-12-09;56.7
2006-12-10;64.0
2006-12-11;58.7
2006-12-12;56.1
2006-12-13;53.5
2006-12-14;51.7
2006-12-15;50.7
2006-12-16;50.6
2006-12-17;49.6
2006-12-18;53.3
2006-12-19;53.1
2006-12-20;53.2
2006-12-21;52.7
2006-12-22;52.0
2006-12-23;51.4
2006-12-24;50.6
2006-12-25;50.2
2006-12-26;49.9
2006-12-27;48.9
2006-12-28;48.8
2006-12-29;49.3
2006-12-30;49.4
2006-12-31;49.0
2007-01-01;53.5
2007-01-02;62.9
2007-01-03;65.2
2007-01-04;65.1
2007-01-05;70.0
2007-01-06;67.9
2007-01-07;66.2
2007-01-08;65.2
2007-01-09;64.7
2007-01-10;64.0
2007-01-11;63.1
2007-01-12;74.1
2007-01-13;73.4
2007-01-14;71.5
2007-01-15;70.9
2007-01-16;70.4
2007-01-17;69.6
2007-01-18;69.3
2007-01-19;67.3
2007-01-20;64.9
2007-01-21;64.2
2007-01-22;65.9
2007-01-23;89.7
2007-01-24;101.3
2007-01-25;98.6
2007-01-26;101.4
2007-01-27;100.3
2007-01-28;91.8
2007-01-29;89.8
2007-01-30;88.5
2007-01-31;87.2
2007-02-01;87.1
2007-02-02;85.6
2007-02-03;85.5
2007-02-04;84.5
2007-02-05;83.7
2007-02-06;84.4
2007-02-07;84.8
2007-02-08;85.5
2007-02-09;88.8
2007-02-10;87.8
2007-02-11;87.0
2007-02-12;88.9
2007-02-13;104.5
2007-02-14;110.6
2007-02-15;108.7
2007-02-16;106.7
2007-02-17;105.2
2007-02-18;105.0
2007-02-19;104.9
2007-02-20;104.1
2007-02-21;103.5
2007-02-22;102.9
2007-02-23;101.9
2007-02-24;103.0
2007-02-25;106.0
2007-02-26;113.4
2007-02-27;114.1
2007-02-28;117.0
2007-03-01;114.2
2007-03-02;121.9
2007-03-03;124.3
2007-03-04;124.1
2007-03-05;121.8
2007-03-06;121.1
2007-03-07;126.3
2007-03-08;129.3
2007-03-09;127.3
2007-03-10;130.0
2007-03-11;130.6
2007-03-12;128.6
2007-03-13;127.3
2007-03-14;126.5
2007-03-15;125.1
2007-03-16;123.9
2007-03-17;123.6
2007-03-18;121.8
2007-03-19;149.0
2007-03-20;152.1
2007-03-21;154.4
2007-03-22;151.0
2007-03-23;149.4
2007-03-24;146.9
2007-03-25;146.9
2007-03-26;143.3
2007-03-27;141.7
2007-03-28;141.8
2007-03-29;143.0
2007-03-30;140.8
2007-03-31;142.5
2007-04-01;142.1
2007-04-02;139.6
2007-04-03;136.9
2007-04-04;136.7
2007-04-05;135.0
2007-04-06;133.8
2007-04-07;130.9
2007-04-08;127.0
2007-04-09;125.7
2007-04-10;123.4
2007-04-11;120.1
2007-04-12;117.9
2007-04-13;114.6
2007-04-14;110.4
2007-04-15;106.9
2007-04-16;104.0
2007-04-17;101.4
2007-04-18;97.9
2007-04-19;93.3
2007-04-20;88.6
2007-04-21;84.5
2007-04-22;79.9
2007-04-23;74.7
2007-04-24;69.5
2007-04-25;64.8
2007-04-26;58.6
2007-04-27;53.6
2007-04-28;48.0
2007-04-29;43.2
2007-04-30;38.6
2007-05-01;36.3
2007-05-02;33.9
2007-05-03;32.0
2007-05-04;31.1
2007-05-05;32.7
2007-05-06;30.8
2007-05-07;26.0
2007-05-08;18.1
2007-05-09;7.4
2007-05-10;0.0
2007-05-11;0.0
2007-05-12;0.0
2007-05-13;0.0
2007-05-14;0.0
2007-05-15;1.3
2007-05-16;0.0
2007-05-17;0.0
2007-05-18;0.0
2007-05-19;0.0
2007-05-20;0.0
2007-05-21;0.0
2007-05-22;0.0
2007-05-23;0.0
2007-05-24;0.0
2007-05-25;0.0
2007-05-26;0.0
2007-05-27;0.0
2007-05-28;1.2
2007-05-29;6.1
2007-05-30;1.4
2007-05-31;0.0
2007-06-01;0.0
2007-06-02;0.0
2007-06-03;0.0
2007-06-04;0.0
2007-06-05;0.0
2007-06-06;0.0
2007-06-07;0.0
2007-06-08;0.0
2007-06-09;0.0
2007-06-10;0.0
2007-06-11;0.0
2007-06-12;0.0
2007-06-13;0.0
2007-06-14;0.0
2007-06-15;0.0
2007-06-16;0.0
2007-06-17;0.0
2007-06-18;0.0
2007-06-19;0.0
2007-06-20;0.0
2007-06-21;0.0
2007-06-22;0.0
2007-06-23;0.0
2007-06-24;0.0
2007-06-25;0.0
2007-06-26;0.0
2007-06-27;0.0
2007-06-28;0.0
2007-06-29;0.0
2007-06-30;0.0
2007-08-01;0.0
2007-08-02;0.0
2007-08-03;0.0
2007-08-04;0.0
2007-08-05;0.0
2007-08-06;0.0
2007-08-07;0.0
2007-08-08;0.0
2007-08-09;0.0
2007-08-10;0.0
2007-08-11;0.0
2007-08-12;0.0
2007-08-13;0.0
2007-08-14;0.0
2007-08-15;0.0
2007-08-16;0.0
2007-08-17;0.0
2007-08-18;0.0
2007-08-19;0.0
2007-08-20;0.0
2007-08-21;0.0
2007-08-22;0.0
2007-08-23;0.0
2007-08-24;0.0
2007-08-25;0.0
2007-08-26;0.0
2007-08-27;0.0
2007-08-28;0.0
2007-08-29;0.0
2007-08-30;0.0
2007-08-31;0.0
2007-09-01;0.0
2007-09-02;0.0
2007-09-03;0.0
2007-09-04;0.0
2007-09-05;0.0
2007-09-06;0.0
2007-09-07;0.0
2007-09-08;0.0
2007-09-09;0.0
2007-09-10;0.0
2007-09-11;0.0
2007-09-12;0.0
2007-09-13;0.0
2007-09-14;0.0
2007-09-15;0.0
2007-09-16;0.0
2007-09-17;0.0
2007-09-18;0.0
2007-09-19;0.0
2007-09-20;0.0
2007-09-21;0.0
2007-09-22;0.0
2007-09-23;0.0
2007-09-24;0.0
2007-09-25;0.0
2007-09-26;6.3
2007-09-27;8.9
2007-09-28;7.0
2007-09-29;2.5
2007-09-30;0.0
2007-10-01;0.0
2007-10-02;0.0
2007-10-03;0.0
2007-10-04;0.0
2007-10-05;0.0
2007-10-06;0.0
2007-10-07;0.0
2007-10-08;0.0
2007-10-09;0.0
2007-10-10;0.0
2007-10-11;0.0
2007-10-12;0.0
2007-10-13;0.0
2007-10-14;0.0
2007-10-15;0.0
2007-10-16;0.0
2007-10-17;0.0
2007-10-18;0.0
2007-10-19;0.0
2007-10-20;0.0
2007-10-21;0.0
2007-10-22;0.0
2007-10-23;0.0
2007-10-24;0.0
2007-10-25;0.0
2007-10-26;1.6
2007-10-27;1.6
2007-10-28;0.0
2007-10-29;0.0
2007-10-30;0.4
2007-10-31;1.3
2007-11-01;0.0
2007-11-02;0.0
2007-11-03;0.0
2007-11-04;0.0
2007-11-05;0.0
2007-11-06;0.0
2007-11-07;0.0
2007-11-08;0.0
2007-11-09;1.5
2007-11-10;11.8
2007-11-11;41.3
2007-11-12;37.8
2007-11-13;33.2
2007-11-14;31.5
2007-11-15;31.5
2007-11-16;30.4
2007-11-17;29.8
2007-11-18;29.1
2007-11-19;29.1
2007-11-20;29.4
2007-11-21;30.6
2007-11-22;41.3
2007-11-23;62.5
2007-11-24;100.3
2007-11-25;102.1
2007-11-26;126.0
2007-11-27;118.1
2007-11-28;112.5
2007-11-29;108.8
2007-11-30;106.5
2007-12-01;104.3
2007-12-02;102.5
2007-12-03;111.6
2007-12-04;118.2
2007-12-05;119.1
2007-12-06;115.9
2007-12-07;115.0
2007-12-08;113.9
2007-12-09;112.0
2007-12-10;110.3
2007-12-11;109.2
2007-12-12;107.8
2007-12-13;106.2
2007-12-14;105.3
2007-12-15;103.8
2007-12-16;103.6
2007-12-17;102.9
2007-12-18;102.2
2007-12-19;102.0
2007-12-20;101.5
2007-12-21;101.5
2007-12-22;101.4
2007-12-23;101.2
2007-12-24;100.9
2007-12-25;100.6
2007-12-26;99.9
2007-12-27;99.5
2007-12-28;99.3
2007-12-29;99.2
2007-12-30;99.8
2007-12-31;99.5
2008-01-01;98.8
2008-01-02;99.4
2008-01-03;102.8
2008-01-04;110.5
2008-01-05;115.8
2008-01-06;125.4
2008-01-09;120.8
2008-01-10;118.3
2008-01-11;119.5
2008-01-12;132.6
2008-01-13;153.0
2008-01-14;147.3
2008-01-15;140.9
2008-01-16;141.6
2008-01-17;152.2
2008-01-18;146.0
2008-01-19;140.8
2008-01-20;137.2
2008-01-21;134.9
2008-01-22;141.3
2008-01-23;138.0
2008-01-24;135.9
2008-01-25;135.6
2008-01-26;134.0
2008-01-27;134.0
2008-01-28;126.5
2008-01-29;125.9
2008-01-30;126.5
2008-01-31;125.4
2008-02-01;125.7
2008-02-02;138.3
2008-02-03;141.5
2008-02-04;141.6
2008-02-05;152.0
2008-02-06;149.5
2008-02-07;152.1
2008-02-08;149.1
2008-02-09;147.5
2008-02-10;145.8
2008-02-11;144.3
2008-02-12;143.1
2008-02-13;142.1
2008-02-14;141.4
2008-02-15;141.2
2008-02-16;140.4
2008-02-17;139.7
2008-02-18;139.0
2008-02-19;138.7
2008-02-20;138.0
2008-02-21;138.8
2008-02-22;137.9
2008-02-23;137.1
2008-02-24;136.0
2008-02-25;135.6
2008-02-26;135.2
2008-02-27;135.5
2008-02-28;134.8
2008-02-29;135.1
2008-03-01;137.7
2008-03-02;145.4
2008-03-03;141.7
2008-03-04;143.7
2008-03-05;144.4
2008-03-06;142.8
2008-03-07;141.7
2008-03-08;141.3
2008-03-09;141.4
2008-03-10;141.0
2008-03-11;149.4
2008-03-12;151.3
2008-03-13;145.9
2008-03-14;142.9
2008-03-15;141.0
2008-03-16;147.0
2008-03-17;150.5
2008-03-18;149.5
2008-03-19;148.1
2008-03-20;148.1
2008-03-21;148.5
2008-03-22;153.1
2008-03-23;160.4
2008-03-24;161.7
2008-03-25;163.6
2008-03-26;161.5
2008-03-27;162.9
2008-03-28;173.2
2008-03-29;171.1
2008-03-30;167.6
2008-03-31;163.7
2008-04-01;160.2
2008-04-02;159.5
2008-04-03;163.7
2008-04-04;163.6
2008-04-05;162.3
2008-04-06;166.1
2008-04-07;195.5
2008-04-08;190.0
2008-04-09;186.3
2008-04-10;184.0
2008-04-11;190.7
2008-04-12;212.3
2008-04-13;206.8
2008-04-14;202.8
2008-04-15;209.9
2008-04-16;202.7
2008-04-17;200.3
2008-04-18;201.3
2008-04-19;200.2
2008-04-20;193.0
2008-04-21;200.6
2008-04-22;204.8
2008-04-23;199.2
2008-04-24;195.6
2008-04-25;193.9
2008-04-26;191.6
2008-04-27;189.8
2008-04-28;186.9
2008-04-29;190.9
2008-04-30;191.7
2008-05-01;195.7
2008-05-02;189.4
2008-05-03;186.3
2008-05-04;182.4
2008-05-05;178.8
2008-05-06;175.2
2008-05-07;170.9
2008-05-08;167.0
2008-05-09;162.8
2008-05-10;159.5
2008-05-11;158.7
2008-05-12;155.8
2008-05-13;152.0
2008-05-14;149.8
2008-05-15;146.3
2008-05-16;143.8
2008-05-17;140.3
2008-05-18;137.8
2008-05-19;136.5
2008-05-20;132.5
2008-05-21;127.5
2008-05-22;123.8
2008-05-23;117.8
2008-05-24;113.5
2008-05-25;107.5
2008-05-26;102.2
2008-05-27;92.9
2008-05-28;77.6
2008-05-29;64.1
2008-05-30;54.5
2008-05-31;48.2
2008-06-01;41.7
2008-06-02;31.8
2008-06-03;25.3
2008-06-04;17.5
2008-06-05;9.7
2008-06-06;2.7
2008-06-07;0.0
2008-06-08;0.0
2008-06-09;0.0
2008-06-10;0.0
2008-06-11;0.0
2008-06-12;0.0
2008-06-13;0.0
2008-06-14;0.0
2008-06-15;0.0
2008-06-16;0.0
2008-06-17;0.0
2008-06-18;0.0
2008-06-19;0.0
2008-06-20;0.0
2008-06-21;0.0
2008-06-22;0.0
2008-06-23;0.0
2008-06-24;0.0
2008-06-25;0.0
2008-06-26;0.0
2008-06-27;0.0
2008-06-28;0.0
2008-06-29;0.0
2008-06-30;0.0
2008-07-01;0.0
2008-07-02;0.0
2008-07-03;0.0
2008-07-04;0.0
2008-07-05;0.0
2008-07-06;0.0
2008-07-07;0.0
2008-07-08;0.0
2008-07-09;0.0
2008-07-10;0.0
2008-07-11;0.0
2008-07-12;0.0
2008-07-13;0.0
2008-07-14;9.5
2008-07-15;2.4
2008-07-16;0.0
2008-07-17;0.0
2008-07-18;0.0
2008-07-19;0.0
2008-07-20;0.0
2008-07-21;0.0
2008-07-22;0.0
2008-07-23;0.0
2008-07-24;0.0
2008-07-25;0.0
2008-07-26;0.0
2008-07-27;0.0
2008-07-28;0.0
2008-07-29;0.0
2008-07-30;0.0
2008-07-31;0.0
2008-08-01;0.0
2008-08-02;0.0
2008-08-03;0.0
2008-08-04;0.0
2008-08-05;0.0
2008-08-06;0.0
2008-08-07;0.0
2008-08-08;0.0
2008-08-09;0.0
2008-08-10;0.0
2008-08-11;0.0
2008-08-12;0.0
2008-08-13;0.0
2008-08-14;0.0
2008-08-15;0.0
2008-08-16;0.0
2008-08-17;0.0
2008-08-18;0.0
2008-08-19;0.0
2008-08-20;0.0
2008-08-21;0.0
2008-08-22;0.0
2008-08-23;0.0
2008-08-24;0.0
2008-08-25;0.0
2008-08-26;0.0
2008-08-27;0.0
2008-08-28;0.0
2008-08-29;0.0
2008-08-30;0.0
2008-08-31;0.0
2008-09-01;0.0
2008-09-02;0.0
2008-09-03;0.0
2008-09-04;0.0
2008-09-05;0.0
2008-09-06;0.0
2008-09-07;0.0
2008-09-08;0.0
2008-09-09;0.0
2008-09-10;0.0
2008-09-11;0.0
2008-09-12;0.0
2008-09-13;0.0
2008-09-14;0.0
2008-09-15;0.0
2008-09-16;0.0
2008-09-17;0.0
2008-09-18;0.0
2008-09-19;0.0
2008-09-20;0.0
2008-09-21;0.0
2008-09-22;0.0
2008-09-23;2.0
2008-09-24;0.0
2008-09-25;0.0
2008-09-26;0.0
2008-09-27;0.0
2008-09-28;0.0
2008-09-29;0.0
2008-09-30;0.0
2008-10-01;0.0
2008-10-02;0.0
2008-10-03;6.3
2008-10-04;8.9
2008-10-05;5.4
2008-10-06;2.0
2008-10-07;0.0
2008-10-08;0.0
2008-10-09;0.0
2008-10-10;0.0
2008-10-11;0.0
2008-10-12;0.0
2008-10-13;0.0
2008-10-14;0.0
2008-10-15;0.0
2008-10-16;0.0
2008-10-17;0.0
2008-10-18;0.0
2008-10-19;0.0
2008-10-20;0.0
2008-10-21;0.0
2008-10-22;0.0
2008-10-23;0.0
2008-10-24;0.0
2008-10-25;0.0
2008-10-26;0.0
2008-10-27;0.0
2008-10-28;0.0
2008-10-29;2.0
2008-10-30;12.5
2008-10-31;29.0
2008-11-01;31.8
2008-11-02;25.8
2008-11-03;27.1
2008-11-04;32.3
2008-11-05;25.1
2008-11-06;23.9
2008-11-07;23.4
2008-11-08;23.4
2008-11-09;23.4
2008-11-10;23.5
2008-11-11;23.5
2008-11-12;33.2
2008-11-13;51.9
2008-11-14;52.4
2008-11-15;48.5
2008-11-16;46.5
2008-11-17;44.7
2008-11-18;43.7
2008-11-19;42.9
2008-11-20;40.3
2008-11-21;58.5
2008-11-22;97.5
2008-11-23;92.3
2008-11-24;89.9
2008-11-25;87.3
2008-11-26;84.8
2008-11-27;82.3
2008-11-28;90.8
2008-11-29;99.0
2008-11-30;121.5
2008-12-01;146.4
2008-12-02;146.2
2008-12-03;140.2
2008-12-04;135.6
2008-12-05;134.1
2008-12-06;131.1
2008-12-07;126.5
2008-12-08;123.1
2008-12-09;121.1
2008-12-10;134.0
2008-12-11;159.8
2008-12-12;164.6
2008-12-13;160.6
2008-12-14;152.3
2008-12-15;145.4
2008-12-16;141.3
2008-12-17;144.2
2008-12-18;148.3
2008-12-19;149.4
2008-12-20;153.4
2008-12-21;149.9
2008-12-22;146.1
2008-12-23;143.6
2008-12-24;141.3
2008-12-25;140.1
2008-12-26;139.9
2008-12-27;137.9
2008-12-28;136.9
2008-12-29;136.1
2008-12-30;134.6
2008-12-31;136.0
2009-01-01;142.3
2009-01-02;139.8
2009-01-03;138.2
2009-01-04;137.5
2009-01-11;139.6
2009-01-13;138.3
2009-01-17;142.3
2009-01-18;146.0
2009-01-26;173.4
2009-01-27;172.7
2009-01-30;166.6
2009-01-31;165.4
2009-02-01;165.4
2009-02-02;170.5
2009-02-05;167.7
2009-02-06;187.8
2009-02-10;194.7
2009-02-11;200.5
2009-02-13;205.5
2009-02-16;199.7
2009-02-17;200.6
2009-02-18;198.3
2009-02-19;195.2
2009-02-20;194.3
2009-02-21;193.4
2009-02-22;192.3
2009-02-23;191.3
2009-02-24;190.3
2009-02-25;188.3
2009-02-26;188.5
2009-02-27;187.9
2009-02-28;186.8
2009-03-01;186.4
2009-03-02;187.1
2009-03-03;193.9
2009-03-04;193.8
2009-03-05;201.1
2009-03-06;201.4
2009-03-07;208.2
2009-03-08;206.6
2009-03-09;208.0
2009-03-10;208.3
2009-03-11;214.7
2009-03-12;213.9
2009-03-13;211.8
2009-03-14;209.7
2009-03-15;209.0
2009-03-16;206.8
2009-03-17;206.4
2009-03-18;204.6
2009-03-19;203.8
2009-03-20;203.6
2009-03-21;201.5
2009-03-22;200.4
2009-03-23;199.5
2009-03-24;204.5
2009-03-25;203.7
2009-03-26;209.1
2009-03-27;208.0
2009-03-28;209.0
2009-03-29;223.7
2009-03-30;233.6
2009-03-31;226.7
2009-04-01;220.0
2009-04-02;214.4
2009-04-03;211.5
2009-04-04;209.8
2009-04-05;208.1
2009-04-06;206.4
2009-04-07;205.1
2009-04-08;202.9
2009-04-09;200.1
2009-04-10;198.3
2009-04-11;196.7
2009-04-12;193.4
2009-04-13;191.1
2009-04-14;188.9
2009-04-15;186.9
2009-04-16;192.0
2009-04-17;202.4
2009-04-18;194.6
2009-04-19;193.1
2009-04-20;191.0
2009-04-21;189.3
2009-04-22;186.4
2009-04-23;184.0
2009-04-24;183.4
2009-04-25;180.9
2009-04-26;179.7
2009-04-27;197.1
2009-04-28;196.8
2009-04-29;200.5
2009-04-30;196.6
2009-05-01;191.0
2009-05-02;186.1
2009-05-03;180.9
2009-05-04;179.3
2009-05-05;178.2
2009-05-06;175.8
2009-05-07;169.9
2009-05-08;164.1
2009-05-09;159.3
2009-05-10;154.4
2009-05-11;149.3
2009-05-12;145.8
2009-05-13;142.4
2009-05-14;139.0
2009-05-15;136.3
2009-05-16;130.8
2009-05-17;124.7
2009-05-18;118.8
2009-05-19;112.2
2009-05-20;107.6
2009-05-21;101.8
2009-05-22;96.1
2009-05-23;86.9
2009-05-24;76.8
2009-05-25;65.2
2009-05-26;57.2
2009-05-27;50.3
2009-05-28;42.9
2009-05-29;37.6
2009-05-30;31.5
2009-05-31;28.0
2009-06-01;25.4
2009-06-02;19.2
2009-06-03;11.2
2009-06-04;4.4
2009-06-05;0.0
2009-06-06;0.0
2009-06-07;0.0
2009-06-08;0.0
2009-06-09;0.0
2009-06-10;0.0
2009-06-11;0.0
2009-06-12;0.0
2009-06-13;0.0
2009-06-14;0.0
2009-06-15;0.0
2009-06-16;0.0
2009-06-17;0.0
2009-06-18;0.0
2009-06-19;0.0
2009-06-20;0.0
2009-06-21;0.0
2009-06-22;0.0
2009-06-23;0.0
2009-06-24;0.0
2009-06-25;0.0
2009-06-26;0.0
2009-06-27;0.0
2009-06-28;0.0
2009-06-29;0.0
2009-06-30;0.0
2009-07-01;0.0
2009-07-02;0.0
2009-07-03;0.0
2009-07-04;0.0
2009-07-05;0.0
2009-07-06;0.0
2009-07-07;0.0
2009-07-08;0.0
2009-07-09;0.0
2009-07-10;0.0
2009-07-11;0.0
2009-07-12;0.0
2009-07-13;0.0
2009-07-14;0.0
2009-07-15;0.0
2009-07-16;0.0
2009-07-17;0.0
2009-07-18;4.6
2009-07-19;0.0
2009-07-20;0.0
2009-07-21;0.0
2009-07-22;0.0
2009-07-23;0.0
2009-07-24;0.0
2009-07-25;0.0
2009-07-26;0.0
2009-07-27;0.0
2009-07-28;0.0
2009-07-29;0.0
2009-07-30;0.0
2009-07-31;0.0
2009-08-01;0.0
2009-08-02;0.0
2009-08-03;0.0
2009-08-04;0.0
2009-08-05;0.0
2009-08-06;0.0
2009-08-07;0.0
2009-08-08;0.0
2009-08-09;0.0
2009-08-10;0.0
2009-08-11;0.0
2009-08-12;0.0
2009-08-13;0.0
2009-08-14;0.0
2009-08-15;0.0
2009-08-16;0.0
2009-08-17;0.0
2009-08-18;0.0
2009-08-19;0.0
2009-08-20;0.0
2009-08-21;0.0
2009-08-22;0.0
2009-08-23;0.0
2009-08-24;0.0
2009-08-25;0.0
2009-08-26;0.0
2009-08-27;0.0
2009-08-28;0.0
2009-08-29;0.0
2009-08-30;0.0
2009-08-31;0.0
2009-09-01;0.0
2009-09-02;0.0
2009-09-03;0.0
2009-09-04;0.0
2009-09-05;0.0
2009-09-06;0.0
2009-09-07;0.0
2009-09-08;0.0
2009-09-09;0.0
2009-09-10;0.0
2009-09-11;0.0
2009-09-12;0.0
2009-09-13;0.0
2009-09-14;0.0
2009-09-15;0.0
2009-09-16;0.0
2009-09-17;0.0
2009-09-18;0.0
2009-09-19;0.0
2009-09-20;0.0
2009-09-21;0.0
2009-09-22;0.0
2009-09-23;0.0
2009-09-24;0.0
2009-09-25;0.0
2009-09-26;0.0
2009-09-27;0.0
2009-09-28;0.0
2009-09-29;0.0
2009-09-30;0.0
2009-10-01;0.0
2009-10-02;0.0
2009-10-03;0.0
2009-10-04;0.0
2009-10-05;0.0
2009-10-06;0.0
2009-10-07;0.0
2009-10-08;0.0
2009-10-09;0.0
2009-10-10;0.0
2009-10-11;0.0
2009-10-12;3.4
2009-10-13;4.4
2009-10-14;3.7
2009-10-15;2.6
2009-10-16;2.5
2009-10-17;3.9
2009-10-18;4.5
2009-10-19;3.0
2009-10-20;2.8
2009-10-21;3.3
2009-10-22;8.9
2009-10-23;11.2
2009-10-24;9.8
2009-10-25;6.6
2009-10-26;3.9
2009-10-27;1.1
2009-10-28;0.0
2009-10-29;0.0
2009-10-30;0.0
2009-10-31;0.0
2009-11-01;0.0
2009-11-02;8.7
2009-11-03;33.7
2009-11-04;32.2
2009-11-05;30.3
2009-11-06;37.3
2009-11-07;36.0
2009-11-08;37.3
2009-11-09;35.0
2009-11-10;34.2
2009-11-11;34.2
2009-11-12;33.4
2009-11-13;33.0
2009-11-14;33.4
2009-11-15;33.2
2009-11-16;32.2
2009-11-17;30.6
2009-11-18;29.0
2009-11-19;28.3
2009-11-20;28.2
2009-11-21;27.5
2009-11-22;28.1
2009-11-23;28.3
2009-11-24;28.8
2009-11-25;28.4
2009-11-26;29.0
2009-11-27;28.6
2009-11-28;28.1
2009-11-29;29.4
2009-11-30;80.0
2009-12-01;97.8
2009-12-02;92.2
2009-12-03;87.0
2009-12-04;92.4
2009-12-05;97.2
2009-12-06;92.6
2009-12-07;89.8
2009-12-08;99.0
2009-12-09;102.1
2009-12-10;98.4
2009-12-11;95.4
2009-12-12;92.9
2009-12-13;91.6
2009-12-14;91.3
2009-12-15;89.9
2009-12-16;88.1
2009-12-17;87.5
2009-12-18;87.3
2009-12-19;87.5
2009-12-20;87.0
2009-12-21;86.9
2009-12-22;90.7
2009-12-23;118.6
2009-12-24;127.2
2009-12-25;143.2
2009-12-26;139.5
2009-12-27;133.4
2009-12-28;131.2
2009-12-29;129.4
2009-12-30;129.9
2009-12-31;134.7
2010-01-23;134.2
2010-01-24;133.6
2010-01-25;133.3
2010-01-28;133.6
2010-02-01;134.1
2010-02-02;134.2
2010-02-03;133.7
2010-02-04;133.2
2010-02-05;137.3
2010-02-06;152.8
2010-02-07;150.9
2010-02-08;150.6
2010-02-09;150.3
2010-02-10;150.1
2010-02-11;154.1
2010-02-12;153.5
2010-02-13;152.2
2010-02-14;151.6
2010-02-15;151.3
2010-02-16;151.3
2010-02-17;151.9
2010-02-18;157.9
2010-02-19;166.6
2010-02-20;178.4
2010-02-21;174.4
2010-02-22;173.6
2010-02-23;169.2
2010-02-24;166.5
2010-02-25;165.9
2010-02-26;173.7
2010-02-27;173.9
2010-02-28;170.2
2010-03-01;169.0
2010-03-02;167.4
2010-03-03;165.6
2010-03-04;166.3
2010-03-05;164.8
2010-03-06;166.0
2010-03-07;168.4
2010-03-08;167.0
2010-03-09;167.0
2010-03-10;170.3
2010-03-11;172.0
2010-03-12;171.3
2010-03-13;170.1
2010-03-14;170.5
2010-03-15;171.7
2010-03-16;171.0
2010-03-17;169.3
2010-03-18;168.6
2010-03-19;168.3
2010-03-20;168.2
2010-03-21;167.0
2010-03-22;164.4
2010-03-23;162.1
2010-03-24;160.1
2010-03-25;158.9
2010-03-26;166.7
2010-03-27;175.3
2010-03-28;171.9
2010-03-29;170.5
2010-03-30;172.8
2010-03-31;177.3
2010-04-01;191.0
2010-04-02;199.1
2010-04-03;197.0
2010-04-04;210.1
2010-04-05;224.5
2010-04-06;217.5
2010-04-07;210.3
2010-04-08;205.3
2010-04-09;200.2
2010-04-10;196.2
2010-04-11;193.7
2010-04-12;191.0
2010-04-13;189.5
2010-04-14;189.7
2010-04-15;188.9
2010-04-16;187.9
2010-04-17;186.8
2010-04-18;191.8
2010-04-19;194.7
2010-04-20;190.0
2010-04-21;186.5
2010-04-22;182.5
2010-04-23;178.9
2010-04-24;175.6
2010-04-25;170.7
2010-04-26;165.8
2010-04-27;162.8
2010-04-28;157.5
2010-04-29;153.7
2010-04-30;150.8
2010-05-01;147.3
2010-05-02;145.2
2010-05-03;150.3
2010-05-04;149.6
2010-05-05;155.6
2010-05-06;161.1
2010-05-07;159.1
2010-05-08;157.8
2010-05-09;154.3
2010-05-10;152.0
2010-05-11;150.3
2010-05-12;147.6
2010-05-13;145.6
2010-05-14;144.8
2010-05-15;143.9
2010-05-16;144.6
2010-05-17;143.7
2010-05-18;142.7
2010-05-19;141.5
2010-05-20;138.4
2010-05-21;133.5
2010-05-22;128.1
2010-05-23;123.4
2010-05-24;117.2
2010-05-25;109.8
2010-05-26;102.1
2010-05-27;97.6
2010-05-28;92.1
2010-05-29;87.4
2010-05-30;82.5
2010-05-31;79.7
2010-06-01;76.2
2010-06-02;72.0
2010-06-03;66.3
2010-06-04;58.7
2010-06-05;51.9
2010-06-06;42.8
2010-06-07;31.4
2010-06-08;20.4
2010-06-09;11.4
2010-06-10;0.3
2010-06-11;0.0
2010-06-12;0.0
2010-06-13;0.0
2010-06-14;0.0
2010-06-15;0.0
2010-06-16;0.0
2010-06-17;0.0
2010-06-18;0.0
2010-06-19;0.0
2010-06-20;0.3
2010-06-21;0.0
2010-06-22;0.0
2010-06-23;0.0
2010-06-24;0.0
2010-06-25;0.0
2010-06-26;0.0
2010-06-27;0.0
2010-06-28;0.0
2010-06-29;0.0
2010-06-30;0.0
2010-07-01;0.0
2010-07-02;0.0
2010-07-03;0.0
2010-07-04;0.0
2010-07-05;0.0
2010-07-06;0.0
2010-07-07;0.0
2010-07-08;0.0
2010-07-09;0.0
2010-07-10;0.0
2010-07-11;0.0
2010-07-12;0.0
2010-07-13;0.0
2010-07-14;0.0
2010-07-15;0.0
2010-07-16;0.0
2010-07-17;0.0
2010-07-18;0.0
2010-07-19;0.0
2010-07-20;0.0
2010-07-21;0.0
2010-07-22;0.0
2010-07-23;0.0
2010-07-24;0.0
2010-07-25;0.0
2010-07-26;0.0
2010-07-27;0.0
2010-07-28;0.0
2010-07-29;0.0
2010-07-30;0.0
2010-07-31;0.0
2010-08-01;0.0
2010-08-02;0.0
2010-08-03;0.0
2010-08-04;0.0
2010-08-05;0.0
2010-08-06;0.0
2010-08-07;0.0
2010-08-08;0.0
2010-08-09;0.0
2010-08-10;0.0
2010-08-11;0.0
2010-08-12;0.0
2010-08-13;0.0
2010-08-14;0.0
2010-08-15;0.0
2010-08-16;0.0
2010-08-17;0.0
2010-08-18;0.0
2010-08-19;0.0
2010-08-20;0.0
2010-08-21;0.0
2010-08-22;0.0
2010-08-23;0.0
2010-08-24;0.0
2010-08-25;0.0
2010-08-26;0.0
2010-08-27;0.0
2010-08-28;0.0
2010-08-29;0.7
2010-08-30;2.8
2010-08-31;0.0
2010-09-01;0.0
2010-09-02;0.0
2010-09-03;0.0
2010-09-04;0.0
2010-09-05;0.0
2010-09-06;0.0
2010-09-07;0.0
2010-09-08;0.0
2010-09-09;0.0
2010-09-10;0.0
2010-09-11;0.0
2010-09-12;0.0
2010-09-13;0.0
2010-09-14;0.0
2010-09-15;0.0
2010-09-16;0.0
2010-09-17;0.0
2010-09-18;0.0
2010-09-19;0.0
2010-09-20;0.0
2010-09-21;0.0
2010-09-22;0.0
2010-09-23;0.0
2010-09-24;0.0
2010-09-25;10.7
2010-09-26;4.3
2010-09-27;12.1
2010-09-28;16.0
2010-09-29;9.5
2010-09-30;5.3
2010-10-01;1.6
2010-10-02;0.0
2010-10-03;0.0
2010-10-04;0.0
2010-10-05;0.0
2010-10-06;0.0
2010-10-07;0.0
2010-10-08;0.0
2010-10-09;0.0
2010-10-10;0.0
2010-10-11;0.0
2010-10-12;0.0
2010-10-13;0.0
2010-10-14;0.0
2010-10-15;0.0
2010-10-16;3.8
2010-10-17;5.5
2010-10-18;3.1
2010-10-19;2.4
2010-10-20;3.4
2010-10-21;4.5
2010-10-22;3.6
2010-10-23;3.9
2010-10-24;5.3
2010-10-25;43.7
2010-10-26;56.7
2010-10-27;49.0
2010-10-28;44.2
2010-10-29;40.6
2010-10-30;38.7
2010-10-31;44.5
2010-11-01;41.1
2010-11-02;38.2
2010-11-03;34.5
2010-11-04;32.9
2010-11-05;31.6
2010-11-06;31.0
2010-11-07;36.4
2010-11-08;64.5
2010-11-09;64.0
2010-11-10;59.8
2010-11-11;55.9
2010-11-12;53.2
2010-11-13;48.3
2010-11-14;48.2
2010-11-15;47.7
2010-11-16;83.0
2010-11-17;88.0
2010-11-18;86.1
2010-11-19;97.8
2010-11-20;95.0
2010-11-21;101.0
2010-11-22;114.5
2010-11-23;107.7
2010-11-24;102.1
2010-11-25;97.6
2010-11-26;104.7
2010-11-27;107.7
2010-11-28;113.6
2010-11-29;118.0
2010-11-30;114.7
2010-12-01;131.7
2010-12-02;134.6
2010-12-03;130.9
2010-12-04;126.0
2010-12-05;120.2
2010-12-06;116.2
2010-12-07;117.2
2010-12-08;120.2
2010-12-09;120.5
2010-12-10;120.3
2010-12-11;118.6
2010-12-12;116.0
2010-12-23;125.9
2010-12-24;139.7
2010-12-25;152.0
2010-12-26;155.8
2010-12-27;154.7
2010-12-28;151.9
2010-12-29;153.9
2010-12-30;150.7
2010-12-31;147.9
2011-01-01;147.2
2011-01-02;146.1
2011-01-03;144.4
2011-01-04;143.4
2011-01-05;142.5
2011-01-06;142.5
2011-01-07;142.5
2011-01-08;145.3
2011-01-09;143.9
2011-01-10;155.8
2011-01-11;159.2
2011-01-12;157.7
2011-01-13;155.9
2011-01-14;153.3
2011-01-15;154.9
2011-01-16;153.4
2011-01-17;151.1
2011-01-18;149.6
2011-01-19;148.8
2011-01-20;147.9
2011-01-21;147.1
2011-01-22;146.0
2011-01-23;145.4
2011-01-24;145.5
2011-01-25;145.0
2011-01-26;146.1
2011-01-27;144.6
2011-01-28;143.8
2011-01-29;143.8
2011-01-30;143.4
2011-01-31;143.7
2011-02-01;142.4
2011-02-02;143.3
2011-02-03;141.6
2011-02-04;142.0
2011-02-05;142.0
2011-02-06;141.0
2011-02-07;140.0
2011-02-08;140.2
2011-02-09;139.9
2011-02-10;139.3
2011-02-11;139.8
2011-02-12;139.8
2011-02-13;139.5
2011-02-14;139.4
2011-02-15;141.8
2011-02-16;160.4
2011-02-17;159.3
2011-02-18;156.9
2011-02-19;154.5
2011-02-20;153.3
2011-02-21;154.2
2011-02-22;153.7
2011-02-23;154.1
2011-02-24;154.1
2011-02-25;159.2
2011-02-26;158.5
2011-02-27;164.9
2011-02-28;164.4
2011-03-01;163.1
2011-03-02;161.8
2011-03-03;161.5
2011-03-04;161.0
2011-03-05;160.3
2011-03-06;159.4
2011-03-07;158.0
2011-03-08;158.0
2011-03-09;158.0
2011-03-10;157.5
2011-03-11;156.9
2011-03-12;157.6
2011-03-13;158.5
2011-03-14;157.6
2011-03-15;157.4
2011-03-16;160.8
2011-03-17;187.2
2011-03-18;197.9
2011-03-19;194.4
2011-03-20;191.3
2011-03-21;188.9
2011-03-22;186.7
2011-03-23;183.4
2011-03-24;179.6
2011-03-25;177.7
2011-03-26;176.1
2011-03-27;175.4
2011-03-28;176.5
2011-03-29;174.3
2011-03-30;172.9
2011-03-31;171.3
2011-04-01;167.4
2011-04-02;162.3
2011-04-03;159.8
2011-04-04;159.6
2011-04-05;158.5
2011-04-06;154.3
2011-04-07;149.8
2011-04-08;145.3
2011-04-09;141.3
2011-04-10;138.0
2011-04-11;133.7
2011-04-12;132.0
2011-04-13;131.9
2011-04-14;130.5
2011-04-15;130.1
2011-04-16;128.6
2011-04-17;126.7
2011-04-18;123.8
2011-04-19;121.4
2011-04-20;119.8
2011-04-21;116.4
2011-04-22;112.1
2011-04-23;108.9
2011-04-24;108.9
2011-04-25;105.6
2011-04-26;102.9
2011-04-27;100.3
2011-04-28;100.7
2011-04-29;103.4
2011-04-30;102.5
2011-05-01;97.8
2011-05-02;95.4
2011-05-03;94.6
2011-05-04;93.1
2011-05-05;90.4
2011-05-06;86.7
2011-05-07;81.8
2011-05-08;76.8
2011-05-09;70.7
2011-05-10;64.5
2011-05-11;59.0
2011-05-12;54.9
2011-05-13;49.3
2011-05-14;42.7
2011-05-15;40.6
2011-05-16;39.4
2011-05-17;36.7
2011-05-18;33.7
2011-05-19;29.9
2011-05-20;22.5
2011-05-21;16.0
2011-05-22;11.5
2011-05-23;4.9
2011-05-24;0.0
2011-05-25;0.0
2011-05-26;0.0
2011-05-27;1.8
2011-05-28;2.5
2011-05-29;0.0
2011-05-30;0.0
2011-05-31;0.0
2011-06-01;0.0
2011-06-02;0.0
2011-06-03;0.0
2011-06-04;0.0
2011-06-05;0.0
2011-06-06;0.0
2011-06-07;0.0
2011-06-08;0.0
2011-06-09;0.0
2011-06-10;0.0
2011-06-11;0.0
2011-06-12;0.0
2011-06-13;0.0
2011-06-14;0.0
2011-06-15;0.0
2011-06-16;0.0
2011-06-17;0.0
2011-06-18;0.0
2011-06-19;0.0
2011-06-20;0.0
2011-06-21;0.0
2011-06-22;0.0
2011-06-23;0.0
2011-06-24;0.0
2011-06-25;0.0
2011-06-26;0.0
2011-06-27;0.0
2011-06-28;0.0
2011-06-29;0.0
2011-06-30;0.0
2011-07-01;0.0
2011-07-02;0.0
2011-07-03;0.0
2011-07-04;0.0
2011-07-05;0.0
2011-07-06;0.0
2011-07-07;0.0
2011-07-08;0.0
2011-07-09;0.0
2011-07-10;0.0
2011-07-11;0.0
2011-07-12;0.0
2011-07-13;0.0
2011-07-14;0.0
2011-07-15;0.0
2011-07-16;0.0
2011-07-17;0.0
2011-07-18;0.0
2011-07-19;0.0
2011-07-20;0.0
2011-07-21;0.0
2011-07-22;0.0
2011-07-23;0.0
2011-07-24;0.0
2011-07-25;0.0
2011-07-26;0.0
2011-07-27;0.0
2011-07-28;0.0
2011-07-29;0.0
2011-07-30;0.0
2011-07-31;0.0
2011-08-01;0.0
2011-08-02;0.0
2011-08-03;0.0
2011-08-04;0.0
2011-08-05;0.0
2011-08-06;0.0
2011-08-07;0.0
2011-08-08;0.0
2011-08-09;0.0
2011-08-10;0.0
2011-08-11;0.0
2011-08-12;0.0
2011-08-13;0.0
2011-08-14;0.0
2011-08-15;0.0
2011-08-16;0.0
2011-08-17;0.0
2011-08-18;0.0
2011-08-19;0.0
2011-08-20;0.0
2011-08-21;0.0
2011-08-22;0.0
2011-08-23;0.0
2011-08-24;0.0
2011-08-25;0.0
2011-08-26;0.0
2011-08-27;0.0
2011-08-28;0.0
2011-08-29;0.0
2011-08-30;0.0
2011-08-31;0.0
2011-10-20;12.2
2011-10-21;9.2
2011-10-22;10.5
2011-10-23;9.8
2011-10-24;9.3
2011-10-26;27.0
2011-10-27;21.4
2011-10-28;19.3
2011-10-29;18.5
2011-10-30;17.6
2011-10-31;15.4
2011-11-01;14.6
2011-11-02;14.7
2011-11-03;16.5
2011-11-04;16.6
2011-11-05;7.3
2011-11-06;5.6
2011-11-07;4.4
2011-11-08;9.2
2011-11-09;6.5
2011-11-10;6.6
2011-11-11;7.5
2011-11-12;7.3
2011-11-13;6.6
2011-11-14;6.5
2011-11-15;6.6
2011-11-16;8.3
2011-11-17;8.2
2011-11-18;8.5
2011-11-19;8.9
2011-11-20;9.4
2011-11-21;9.5
2011-11-22;9.8
2011-11-23;9.4
2011-11-24;9.2
2011-11-25;8.9
2011-11-26;9.1
2011-11-27;8.6
2011-11-28;8.8
2011-11-29;8.7
2011-11-30;8.4
2011-12-01;8.7
2011-12-02;9.5
2011-12-03;11.2
2011-12-04;11.7
2011-12-05;15.2
2011-12-06;18.0
2011-12-07;23.9
2011-12-08;42.4
2011-12-09;38.8
2011-12-10;36.9
2011-12-11;35.5
2011-12-12;39.8
2011-12-13;44.5
2011-12-14;47.9
2011-12-15;49.2
2011-12-16;50.3
2011-12-17;57.4
2011-12-18;53.5
2011-12-19;53.0
2011-12-20;51.4
2011-12-21;50.3
2011-12-22;58.7
2011-12-23;67.0
2011-12-24;66.5
2011-12-25;66.7
2011-12-26;64.4
2011-12-27;63.6
2011-12-28;63.5
2011-12-29;64.3
2011-12-30;73.1
2011-12-31;84.8
2012-01-01;84.2
2012-01-02;85.0
2012-01-03;93.0
2012-01-04;92.0
2012-01-05;98.0
2012-01-06;124.1
2012-01-07;117.6
2012-01-08;114.8
2012-01-09;113.1
2012-01-10;109.7
2012-01-11;108.4
2012-01-12;104.2
2012-01-13;104.4
2012-01-14;104.4
2012-01-15;101.9
2012-01-16;101.3
2012-01-17;100.1
2012-01-18;98.7
2012-01-19;98.2
2012-01-20;100.7
2012-01-21;118.3
2012-01-22;117.6
2012-01-23;115.1
2012-01-24;113.7
2012-01-25;112.3
2012-01-26;110.6
2012-01-27;109.2
2012-01-28;113.5
2012-01-29;117.3
2012-01-30;114.3
2012-01-31;117.9
2012-02-01;118.6
2012-02-02;120.7
2012-02-03;121.8
2012-02-04;119.4
2012-02-05;117.7
2012-02-06;116.1
2012-02-07;114.8
2012-02-08;113.1
2012-02-09;112.4
2012-02-10;112.5
2012-02-11;112.1
2012-02-12;113.1
2012-02-13;113.3
2012-02-14;112.1
2012-02-15;114.2
2012-02-16;126.2
2012-02-17;125.0
2012-02-18;124.5
2012-02-19;125.8
2012-02-20;127.1
2012-02-21;125.4
2012-02-22;123.2
2012-02-23;122.9
2012-02-24;122.4
2012-02-25;122.4
2012-02-26;123.2
2012-02-27;122.3
2012-02-28;121.5
2012-02-29;121.4
2012-03-01;119.0
2012-03-02;117.9
2012-03-03;117.6
2012-03-04;126.9
2012-03-05;133.6
2012-03-06;136.2
2012-03-07;132.1
2012-03-08;132.7
2012-03-09;130.4
2012-03-10;130.3
2012-03-11;129.8
2012-03-12;126.2
2012-03-13;123.9
2012-03-14;123.4
2012-03-15;121.5
2012-03-16;121.6
2012-03-17;122.4
2012-03-18;123.6
2012-03-19;138.9
2012-03-20;139.0
2012-03-21;134.1
2012-03-22;130.3
2012-03-23;128.6
2012-03-24;125.9
2012-03-25;124.2
2012-03-26;124.0
2012-03-27;122.8
2012-03-28;121.6
2012-03-29;119.6
2012-03-30;118.0
2012-03-31;114.8
2012-04-01;113.7
2012-04-02;111.2
2012-04-03;109.4
2012-04-04;112.8
2012-04-05;120.7
2012-04-06;113.7
2012-04-07;112.0
2012-04-08;112.2
2012-04-09;110.2
2012-04-10;108.0
2012-04-11;125.5
2012-04-12;132.7
2012-04-13;130.2
2012-04-14;131.1
2012-04-15;133.2
2012-04-16;134.0
2012-04-17;127.6
2012-04-18;130.7
2012-04-19;137.0
2012-04-20;146.6
2012-04-21;148.7
2012-04-22;165.5
2012-04-23;165.3
2012-04-24;184.4
2012-04-25;186.3
2012-04-26;173.2
2012-04-27;158.5
2012-04-28;149.7
2012-04-29;139.5
2012-04-30;132.2
2012-05-01;126.8
2012-05-02;121.3
2012-05-03;114.8
2012-05-04;112.8
2012-05-05;115.5
2012-05-06;121.0
2012-05-07;116.6
2012-05-08;113.3
2012-05-09;107.4
2012-05-10;100.7
2012-05-11;92.9
2012-05-12;86.6
2012-05-13;79.8
2012-05-14;72.8
2012-05-15;67.6
2012-05-16;65.2
2012-05-17;59.7
2012-05-18;56.9
2012-05-19;49.0
2012-05-20;41.9
2012-05-21;39.5
2012-05-22;36.2
2012-05-23;23.6
2012-05-24;12.8
2012-06-12;15.1
2012-06-13;8.7
2012-09-01;9.1
2012-10-15;28.6
2012-10-16;45.4
2012-10-17;39.7
2012-10-18;33.3
2012-10-19;29.6
2012-10-20;24.5
2012-10-21;19.5
2012-10-22;15.8
2012-10-23;11.9
2012-10-24;10.2
2012-10-25;8.7
2012-10-26;7.9
2012-10-27;11.2
2012-10-28;46.5
2012-10-29;49.2
2012-10-30;41.7
2012-10-31;38.3
2012-11-01;34.2
2012-11-02;35.1
2012-11-03;33.7
2012-11-04;30.9
2012-11-05;28.6
2012-11-06;28.9
2012-11-07;29.0
2012-11-08;29.2
2012-11-09;28.7
2012-11-10;29.3
2012-11-11;36.6
2012-11-12;38.9
2012-11-13;37.3
2012-11-14;36.6
2012-11-15;35.9
2012-11-16;36.6
2012-11-17;37.0
2012-11-18;36.8
2012-11-19;36.5
2012-11-20;34.6
2012-11-21;34.0
2012-11-22;33.3
2012-11-23;34.5
2012-11-24;33.9
2012-11-25;34.7
2012-11-26;36.8
2012-11-27;46.0
2012-11-28;55.9
2012-11-29;80.3
2012-11-30;86.4
2012-12-01;82.4
2012-12-02;81.0
2012-12-03;84.1
2012-12-04;88.0
2012-12-05;88.1
2012-12-06;86.7
2012-12-07;86.3
2012-12-08;89.6
2012-12-09;90.6
2012-12-10;92.6
2012-12-11;94.3
2012-12-12;94.2
2012-12-13;92.4
2012-12-14;93.6
2012-12-15;92.3
2012-12-16;92.2
2012-12-17;92.3
2012-12-18;91.4
2012-12-19;90.7
2012-12-20;90.6
2012-12-21;92.1
2012-12-22;91.6
2012-12-23;96.8
2012-12-24;95.2
2012-12-25;95.3
2012-12-26;98.3
2012-12-27;99.4
2012-12-28;106.1
2012-12-29;104.6
2012-12-30;102.7
2012-12-31;100.8
2013-01-01;99.5
2013-01-02;104.6
2013-01-03;104.0
2013-01-04;105.8
2013-01-05;119.7
2013-01-06;127.4
2013-01-07;125.6
2013-01-08;124.3
2013-01-09;123.4
2013-01-10;123.3
2013-01-11;124.6
2013-01-12;125.7
2013-01-13;124.5
2013-01-14;124.6
2013-01-15;125.8
2013-01-16;133.0
2013-01-17;136.3
2013-01-18;132.4
2013-01-19;132.7
2013-01-20;144.1
2013-01-21;155.3
2013-01-22;159.4
2013-01-23;156.2
2013-01-24;153.8
2013-01-25;151.8
2013-01-26;150.5
2013-01-27;148.3
2013-01-28;150.1
2013-01-29;151.1
2013-01-30;151.0
2013-01-31;161.3
2013-02-01;158.3
2013-02-02;170.1
2013-02-03;173.7
2013-02-04;169.7
2013-02-05;167.7
2013-02-06;173.1
2013-02-07;171.6
2013-02-08;170.3
2013-02-09;169.2
2013-02-10;167.6
2013-02-11;169.0
2013-02-12;171.4
2013-02-13;172.1
2013-02-14;173.7
2013-02-15;173.3
2013-02-16;172.6
2013-02-17;171.2
2013-02-18;170.4
2013-02-19;170.8
2013-02-20;171.4
2013-02-21;172.4
2013-02-22;181.5
2013-02-23;182.4
2013-02-24;183.5
2013-02-25;182.3
2013-02-26;180.6
2013-02-27;178.7
2013-02-28;177.3
2013-03-01;175.2
2013-03-02;174.4
2013-03-03;174.5
2013-03-04;173.7
2013-03-05;173.7
2013-03-06;173.4
2013-03-07;172.5
2013-03-08;173.3
2013-03-09;174.3
2013-03-10;175.8
2013-03-11;174.7
2013-03-12;175.9
2013-03-13;175.1
2013-03-14;174.9
2013-03-15;173.7
2013-03-16;172.3
2013-03-17;173.9
2013-03-18;194.5
2013-03-19;204.2
2013-03-20;201.5
2013-03-21;202.9
2013-03-22;200.6
2013-03-23;198.0
2013-03-24;197.1
2013-03-25;196.5
2013-03-26;200.5
2013-03-27;199.1
2013-03-28;201.0
2013-03-29;207.7
2013-03-30;207.9
2013-03-31;213.8
2013-04-01;210.5
2013-04-02;208.8
2013-04-03;207.4
2013-04-04;206.2
2013-04-05;206.5
2013-04-06;205.4
2013-04-07;204.2
2013-04-08;204.6
2013-04-09;205.4
2013-04-10;203.3
2013-04-11;200.7
2013-04-12;200.8
2013-04-13;199.3
2013-04-14;197.0
2013-04-15;191.6
2013-04-16;186.1
2013-04-17;180.9
2013-04-18;175.5
2013-04-19;171.4
2013-04-20;177.7
2013-04-21;173.5
2013-04-22;168.4
2013-04-23;168.9
2013-04-24;167.3
2013-04-25;161.4
2013-04-26;158.9
2013-04-27;160.6
2013-04-28;167.5
2013-04-29;159.0
2013-04-30;152.8
2013-05-01;144.6
2013-05-02;136.1
2013-05-03;129.3
2013-05-04;124.6
2013-05-05;118.5
2013-05-06;113.1
2013-05-07;110.8
2013-05-08;109.5
2013-05-09;104.7
2013-05-10;101.0
2013-05-11;102.8
2013-05-12;99.3
2013-05-13;96.7
2013-05-14;90.2
2013-05-15;88.7
2013-05-16;91.5
2013-05-17;99.7
2013-05-18;101.1
2013-05-19;95.9
2013-05-20;99.1
2013-05-21;98.1
2013-05-22;95.1
2013-05-23;94.4
2013-05-24;97.8
2013-05-25;98.4
2013-05-26;97.4
2013-05-27;93.6
2013-05-28;91.5
2013-05-29;97.5
2013-05-30;97.4
2013-05-31;95.1
2013-06-01;94.9
2013-06-02;89.0
2013-06-03;85.0
2013-06-04;79.2
2013-06-05;75.1
2013-06-06;70.5
2013-06-07;65.2
2013-06-08;58.8
2013-06-09;53.3
2013-06-10;49.3
2013-06-11;40.4
2013-06-12;32.4
2013-06-13;20.1
2013-10-11;48.3
2013-10-12;57.5
2013-10-13;46.6
2013-10-14;41.1
2013-10-15;35.4
2013-10-16;38.0
2013-10-17;33.0
2013-10-18;29.4
2013-10-19;27.4
2013-10-20;27.5
2013-10-21;22.0
2013-10-22;16.5
2013-10-23;7.9
2013-10-30;10.7
2013-10-31;5.0
2013-11-04;3.2
2013-11-06;18.5
2013-11-07;15.1
2013-11-08;11.1
2013-11-09;11.7
2013-11-10;20.3
2013-11-11;33.5
2013-11-12;30.8
2013-11-13;30.1
2013-11-14;33.1
2013-11-15;50.3
2013-11-16;46.4
2013-11-17;44.1
2013-11-18;42.6
2013-11-19;42.5
2013-11-20;45.8
2013-11-21;44.9
2013-11-22;50.2
2013-11-23;50.4
2013-11-24;55.9
2013-11-25;59.1
2013-11-26;62.7
2013-11-27;62.5
2013-11-28;61.1
2013-11-29;59.7
2013-11-30;59.1
2013-12-01;57.9
2013-12-02;57.9
2013-12-03;57.0
2013-12-04;56.7
2013-12-05;57.7
2013-12-06;69.1
2013-12-07;67.6
2013-12-08;65.8
2013-12-09;64.9
2013-12-10;64.6
2013-12-11;64.7
2013-12-12;65.1
2013-12-13;65.4
2013-12-14;65.6
2013-12-15;66.1
2013-12-16;66.0
2013-12-17;66.0
2013-12-18;66.6
2013-12-19;67.7
2013-12-20;72.2
2013-12-21;72.5
2013-12-22;75.2
2013-12-23;74.4
2013-12-24;70.5
2013-12-25;71.9
2013-12-26;110.7
2013-12-27;112.9
2013-12-28;107.5
2013-12-29;115.6
2013-12-30;112.5
2013-12-31;109.7
2014-01-01;107.8
2014-01-02;106.4
2014-01-03;107.1
2014-01-04;120.3
2014-01-05;154.8
2014-01-06;152.2
2014-01-07;146.6
2014-01-08;142.8
2014-01-09;139.9
2014-01-10;137.0
2014-01-11;134.1
2014-01-12;131.3
2014-01-13;130.1
2014-01-14;151.5
2014-01-15;156.9
2014-01-16;151.5
2014-01-17;165.2
2014-01-18;166.6
2014-01-19;167.0
2014-01-20;163.4
2014-01-21;160.7
2014-01-22;157.4
2014-01-23;155.0
2014-01-24;153.6
2014-01-25;151.1
2014-01-26;158.2
2014-01-27;156.3
2014-01-28;154.2
2014-01-29;152.2
2014-01-30;161.6
2014-01-31;186.7
2014-02-01;177.7
2014-02-02;179.6
2014-02-03;177.8
2014-02-04;185.4
2014-02-05;186.4
2014-02-06;185.9
2014-02-07;188.5
2014-02-08;198.9
2014-02-09;200.6
2014-02-10;198.4
2014-02-11;201.0
2014-02-12;196.2
2014-02-13;196.3
2014-02-14;204.3
2014-02-15;197.2
2014-02-16;197.9
2014-02-17;218.8
2014-02-18;212.8
2014-02-19;210.3
2014-02-20;207.3
2014-02-21;205.1
2014-02-22;215.7
2014-02-23;208.9
2014-02-24;205.1
2014-02-25;202.4
2014-02-26;206.2
2014-02-27;212.0
2014-02-28;211.3
2014-03-01;207.5
2014-03-02;208.5
2014-03-03;206.3
2014-03-04;208.3
2014-03-05;204.5
2014-03-06;201.7
2014-03-07;199.2
2014-03-08;197.7
2014-03-09;195.1
2014-03-10;192.9
2014-03-11;191.6
2014-03-12;189.8
2014-03-13;188.8
2014-03-14;186.6
2014-03-15;185.4
2014-03-16;184.0
2014-03-17;180.3
2014-03-18;178.6
2014-03-19;176.4
2014-03-20;172.8
2014-03-21;172.8
2014-03-22;175.4
2014-03-23;213.2
2014-03-24;220.0
2014-03-25;212.8
2014-03-26;211.4
2014-03-27;208.1
2014-03-28;204.2
2014-03-29;201.8
2014-03-30;198.8
2014-03-31;196.9
2014-04-01;193.8
2014-04-02;190.8
2014-04-03;189.1
2014-04-04;187.4
2014-04-05;183.6
2014-04-06;180.4
2014-04-07;176.6
2014-04-08;175.1
2014-04-09;174.7
2014-04-10;170.4
2014-04-11;167.3
2014-04-12;165.9
2014-04-13;162.2
2014-04-14;159.1
2014-04-15;166.0
2014-04-16;164.0
2014-04-17;161.5
2014-04-18;162.7
2014-04-19;167.6
2014-04-20;162.7
2014-04-21;165.5
2014-04-22;163.8
2014-04-23;159.6
2014-04-24;155.2
2014-04-25;149.4
2014-04-26;146.5
2014-04-27;146.5
2014-04-28;146.3
2014-04-29;144.2
2014-04-30;151.4
2014-05-01;150.2
2014-05-02;147.9
2014-05-03;146.5
2014-05-04;143.4
2014-05-05;140.4
2014-05-06;136.2
2014-05-07;135.2
2014-05-08;133.0
2014-05-09;127.9
2014-05-10;120.4
2014-05-11;119.8
2014-05-12;120.8
2014-05-13;124.7
2014-05-14;121.4
2014-05-15;120.7
2014-05-16;119.1
2014-05-17;113.7
2014-05-18;108.8
2014-05-19;106.1
2014-05-20;102.4
2014-05-21;99.5
2014-05-22;92.0
2014-05-23;82.1
2014-05-24;74.7
2014-05-25;69.0
2014-05-26;65.2
2014-05-27;61.8
2014-05-28;57.1
2014-05-29;52.1
2014-05-30;50.2
2014-05-31;45.4
2014-06-01;38.8
2014-06-02;35.2
2014-06-03;30.1
2014-06-04;25.9
2014-06-05;15.5
2014-10-23;10.2
2014-10-24;6.5
2014-10-25;4.0
2014-11-04;10.8
2014-11-05;29.2
2014-11-06;52.7
2014-11-07;49.0
2014-11-08;42.9
2014-11-09;41.3
2014-11-10;41.0
2014-11-11;44.7
2014-11-12;40.6
2014-11-13;39.4
2014-11-14;38.3
2014-11-15;44.1
2014-11-16;70.1
2014-11-17;71.6
2014-11-18;74.0
2014-11-19;69.9
2014-11-20;67.3
2014-11-21;65.5
2014-11-22;63.7
2014-11-23;62.8
2014-11-24;60.8
2014-11-25;59.5
2014-11-26;57.8
2014-11-27;56.2
2014-11-28;57.1
2014-11-29;58.2
2014-11-30;57.5
2014-12-01;60.7
2014-12-02;62.5
2014-12-03;63.2
2014-12-04;68.1
2014-12-05;69.5
2014-12-06;67.4
2014-12-07;66.1
2014-12-08;66.1
2014-12-09;67.3
2014-12-10;66.5
2014-12-11;66.4
2014-12-12;70.2
2014-12-13;70.0
2014-12-14;68.3
2014-12-15;70.9
2014-12-16;75.6
2014-12-17;79.9
2014-12-18;79.2
2014-12-19;77.0
2014-12-20;77.9
2014-12-21;76.1
2014-12-22;74.9
2014-12-23;73.3
2014-12-24;73.1
2014-12-25;73.9
2014-12-26;77.1
2014-12-27;78.4
2014-12-28;83.2
2014-12-29;86.5
2014-12-30;85.7
2014-12-31;82.9
2015-01-01;81.0
2015-01-02;81.0
2015-01-03;81.4
2015-01-04;97.9
2015-01-05;97.0
2015-01-06;94.2
2015-01-07;92.9
2015-01-08;92.0
2015-01-09;91.7
2015-01-10;87.6
2015-01-11;91.1
2015-01-12;92.7
2015-01-13;91.7
2015-01-14;93.8
2015-01-15;95.3
2015-01-16;99.2
2015-01-17;128.3
2015-01-18;146.2
2015-01-19;138.8
2015-01-20;133.1
2015-01-21;129.7
2015-01-22;126.8
2015-01-23;126.5
2015-01-24;123.3
2015-01-25;130.7
2015-01-26;128.5
2015-01-27;129.4
2015-01-28;131.3
2015-01-29;130.0
2015-01-30;142.2
2015-01-31;141.9
2015-02-01;139.2
2015-02-02;137.9
2015-02-03;137.0
2015-02-04;135.6
2015-02-05;135.5
2015-02-06;137.2
2015-02-07;136.4
2015-02-08;142.4
2015-02-09;152.1
2015-02-10;152.6
2015-02-11;151.6
2015-02-12;151.2
2015-02-13;151.1
2015-02-14;152.9
2015-02-15;154.5
2015-02-16;153.8
2015-02-17;152.1
2015-02-18;151.0
2015-02-19;151.1
2015-02-20;150.2
2015-02-21;153.8
2015-02-22;159.4
2015-02-23;158.0
2015-02-24;171.4
2015-02-25;180.9
2015-02-26;176.0
2015-02-27;176.2
2015-02-28;175.7
2015-03-01;173.9
2015-03-02;178.8
2015-03-03;183.7
2015-03-04;182.6
2015-03-05;189.7
2015-03-06;188.6
2015-03-07;186.7
2015-03-08;184.3
2015-03-09;183.3
2015-03-10;182.1
2015-03-11;181.8
2015-03-12;180.6
2015-03-13;179.7
2015-03-14;179.2
2015-03-15;178.7
2015-03-16;178.0
2015-03-17;177.7
2015-03-18;177.8
2015-03-19;176.6
2015-03-20;176.1
2015-03-21;176.9
2015-03-22;181.0
2015-03-23;178.2
2015-03-24;179.2
2015-03-25;181.5
2015-03-26;179.8
2015-03-27;178.3
2015-03-28;177.5
2015-03-29;175.0
2015-03-30;181.3
2015-03-31;189.9
2015-04-01;187.5
2015-04-02;185.4
2015-04-03;184.9
2015-04-04;184.9
2015-04-05;187.0
2015-04-06;186.2
2015-04-07;182.9
2015-04-08;181.5
2015-04-09;178.6
2015-04-10;175.8
2015-04-11;173.1
2015-04-12;169.9
2015-04-13;168.2
2015-04-14;164.0
2015-04-15;161.9
2015-04-16;159.6
2015-04-17;159.5
2015-04-18;159.2
2015-04-19;157.3
2015-04-20;155.2
2015-04-21;153.2
2015-04-22;147.9
2015-04-23;145.1
2015-04-24;141.0
2015-04-25;139.4
2015-04-26;137.8
2015-04-27;136.1
2015-04-28;133.9
2015-04-29;130.7
2015-04-30;137.5
2015-05-01;133.8
2015-05-02;129.9
2015-05-03;125.2
2015-05-04;121.1
2015-05-05;115.9
2015-05-06;108.8
2015-05-07;104.7
2015-05-08;102.6
2015-05-09;96.2
2015-05-10;91.9
2015-05-11;85.6
2015-05-12;81.5
2015-05-13;73.7
2015-05-14;64.8
2015-05-15;60.0
2015-05-16;54.6
2015-05-17;47.6
2015-05-18;38.5
2015-05-19;30.1
2015-05-20;45.3
2015-05-21;56.9
2015-05-22;48.3
2015-05-23;45.1
2015-05-25;34.5
2015-05-26;30.8
2015-05-27;27.7
2015-05-28;20.4
2015-05-29;12.0
2015-09-23;21.2
2015-09-24;16.2
2015-10-14;10.7
2015-10-15;27.4
2015-10-16;29.4
2015-10-19;22.3
2015-10-20;19.2
2015-10-21;18.5
2015-10-22;17.3
2015-10-23;12.5
2015-10-24;9.0
2015-10-25;7.3
2015-10-26;7.0
2015-10-27;8.1
2015-10-28;7.4
2015-10-29;7.4
2015-10-30;4.8
2015-11-21;7.8
2015-11-22;5.7
2015-11-23;6.5
2015-11-24;7.2
2015-11-25;6.4
2015-11-26;7.0
2015-11-27;7.1
2015-11-28;7.0
2015-11-29;7.3
2015-11-30;6.8
2015-12-01;5.3
2016-01-03;14.3
2016-01-04;13.4
2016-01-05;13.5
2016-01-06;13.7
2016-01-07;15.0
2016-01-08;15.9
2016-01-09;18.7
2016-01-10;26.0
2016-01-11;43.6
2016-01-12;51.4
2016-01-13;52.1
2016-01-14;53.6
2016-01-15;50.9
2016-01-16;50.1
2016-01-17;56.3
2016-01-18;60.3
2016-01-19;57.9
2016-01-20;56.6
2016-01-21;55.6
2016-01-22;54.7
2016-01-23;54.0
2016-01-24;52.8
2016-01-25;52.7
2016-01-26;52.1
2016-01-29;51.3
2016-01-30;51.2
2016-01-31;51.6
2016-02-01;51.0
2016-02-02;50.5
2016-02-03;54.1
2016-02-04;61.5
2016-02-05;73.7
2016-02-06;69.1
2016-02-07;74.6
2016-02-08;88.6
2016-02-09;85.9
2016-02-10;102.4
2016-02-11;97.2
2016-02-12;93.7
2016-02-13;92.7
2016-02-14;91.1
2016-02-15;89.5
2016-02-16;87.2
2016-02-17;87.4
2016-02-18;87.8
2016-02-19;86.3
2016-02-20;87.4
2016-02-21;89.1
2016-02-22;86.0
2016-02-23;85.0
2016-02-24;84.1
2016-02-25;82.8
2016-02-26;83.8
2016-02-27;87.6
2016-02-28;87.1
2016-02-29;91.0
2016-03-01;100.2
2016-03-02;102.7
2016-03-03;120.5
2016-03-04;121.5
2016-03-05;135.0
2016-03-06;154.3
2016-03-07;147.0
2016-03-08;143.1
2016-03-09;138.8
2016-03-10;136.0
2016-03-11;133.1
2016-03-14;127.1
2016-03-15;126.5
2016-03-16;131.4
2016-03-17;129.0
2016-03-18;125.9
2016-03-19;123.3
2016-03-20;120.9
2016-03-21;119.1
2016-03-22;118.7
2016-03-23;119.2
2016-03-24;117.6
2016-03-25;117.0
2016-03-26;117.9
2016-03-27;116.0
2016-03-28;115.7
2016-03-29;114.6
2016-03-30;112.8
2016-03-31;110.4
2016-04-01;107.2
2016-04-02;102.7
2016-04-03;98.8
2016-04-04;95.5
2016-04-05;92.9
2016-04-06;88.3
2016-04-07;84.3
2016-04-08;85.9
2016-04-09;83.5
2016-04-10;78.5
2016-04-11;76.3
2016-04-12;70.9
2016-04-13;71.4
2016-04-14;73.1
2016-04-15;67.5
2016-04-16;67.2
2016-04-17;69.1
2016-04-18;85.6
2016-04-19;91.9
2016-04-20;83.2
2016-04-21;78.2
2016-04-22;74.7
2016-04-23;80.0
2016-04-24;80.6
2016-04-25;80.8
2016-04-26;79.7
2016-04-27;99.2
2016-04-28;93.5
2016-04-29;85.7
2016-04-30;82.7
2016-05-01;86.7
2016-05-02;87.5
2016-05-03;82.2
2016-05-04;80.8
2016-05-05;77.5
2016-05-06;73.7
2016-05-07;68.9
2016-05-09;67.0
2016-05-10;61.3
2016-05-11;55.9
2016-05-12;62.4
2016-05-13;64.0
2016-05-14;57.4
2016-05-15;53.4
2016-05-18;45.4
2016-05-19;61.8
2016-05-20;62.7
2016-05-21;51.6
2016-05-22;41.0
2016-05-23;46.8
2016-05-24;56.1
2016-05-25;47.7
2016-05-26;40.4
2016-05-27;28.7
2016-05-28;18.6
2016-05-29;11.1
2016-05-30;8.2
2016-10-10;22.2
2016-10-11;13.9
2016-10-12;12.5
2016-10-13;12.0
2016-10-14;7.8
2016-10-15;3.1
2016-11-05;13.8
2016-11-08;46.6
2016-11-09;43.5
2016-11-10;41.4
2016-11-11;42.5
2016-11-12;50.4
2016-11-15;45.8
2016-11-16;45.5
2016-11-19;59.9
2016-11-22;63.0
2016-11-23;58.0
2016-11-24;55.5
2016-11-25;53.7
2016-11-26;52.8
2016-11-27;51.9
2016-11-28;51.5
2016-11-29;51.9
2016-11-30;50.6
2016-12-01;51.8
2016-12-02;52.3
2016-12-03;52.8
2016-12-04;53.0
2016-12-05;52.8
2016-12-06;52.0
2016-12-07;52.3
2016-12-08;52.3
2016-12-11;52.1
2016-12-12;52.8
2016-12-13;52.4
2016-12-14;52.3
2016-12-15;53.0
2016-12-16;53.1
2016-12-17;52.8
2016-12-18;52.9
2016-12-19;57.1
2016-12-20;56.7
2016-12-21;56.8
2016-12-22;54.6
2016-12-23;54.0
2016-12-24;54.4
2016-12-25;58.6
2016-12-26;60.0
2016-12-27;60.1
2016-12-28;59.9
2016-12-29;59.5
2016-12-30;59.8
2016-12-31;59.8
2017-01-01;60.0
2017-01-02;60.0
2017-01-03;60.3
2017-01-04;60.3
2017-01-05;65.8
2017-01-06;65.5
2017-01-07;63.4
2017-01-08;62.8
2017-01-09;61.8
2017-01-10;62.4
2017-01-11;62.8
2017-01-12;62.4
2017-01-13;72.4
2017-01-14;74.7
2017-01-15;73.6
2017-01-16;73.0
2017-01-17;72.3
2017-01-18;71.8
2017-01-19;71.5
2017-01-20;71.6
2017-01-21;70.9
2017-01-22;71.0
2017-01-23;70.8
2017-01-24;70.5
2017-01-25;70.5
2017-01-26;70.7
2017-01-27;71.2
2017-01-28;71.5
2017-01-29;69.7
2017-01-30;70.4
2017-01-31;76.7
2017-02-01;91.2
2017-02-02;91.3
2017-02-03;100.8
2017-02-04;102.5
2017-02-05;105.2
2017-02-06;124.1
2017-02-07;121.8
2017-02-08;117.4
2017-02-09;113.7
2017-02-10;112.6
2017-02-11;112.8
2017-02-12;110.1
2017-02-13;108.2
2017-02-14;107.3
2017-02-15;105.4
2017-02-16;104.6
2017-02-17;104.1
2017-02-18;103.5
2017-02-19;102.8
2017-02-20;102.5
2017-02-21;102.7
2017-02-22;101.6
2017-02-23;100.3
2017-02-24;101.1
2017-02-25;100.1
2017-02-26;99.3
2017-02-27;99.2
2017-02-28;110.4
2017-03-01;128.7
2017-03-02;123.4
2017-03-03;120.2
2017-03-04;121.5
2017-03-05;135.5
2017-03-06;137.8
2017-03-07;137.9
2017-03-08;135.6
2017-03-09;138.3
2017-03-10;142.1
2017-03-11;137.5
2017-03-12;135.6
2017-03-13;133.9
2017-03-14;131.8
2017-03-15;130.4
2017-03-16;128.3
2017-03-17;126.2
2017-03-18;124.3
2017-03-19;123.0
2017-03-20;119.7
2017-03-21;118.5
2017-03-22;117.3
2017-03-23;117.2
2017-03-24;117.4
2017-03-25;113.9
2017-03-26;113.2
2017-03-27;111.2
2017-03-28;110.1
2017-03-29;109.0
2017-03-30;107.2
2017-03-31;105.3
2017-04-01;102.3
2017-04-02;101.4
2017-04-03;96.9
2017-04-04;98.1
2017-04-05;98.4
2017-04-06;96.0
2017-04-07;95.8
2017-04-08;94.9
2017-04-09;93.0
2017-04-10;89.1
2017-04-11;87.6
2017-04-12;85.0
2017-04-13;82.6
2017-04-14;78.7
2017-04-15;76.3
2017-04-16;77.8
2017-04-17;77.7
2017-04-18;77.7
2017-04-19;77.6
2017-04-20;77.0
2017-04-21;76.4
2017-04-22;76.2
2017-04-23;74.1
2017-04-24;71.6
2017-04-25;74.2
2017-04-26;94.0
2017-04-27;113.4
2017-04-28;130.2
2017-04-29;124.2
2017-04-30;115.9
2017-05-01;118.8
2017-05-02;121.4
2017-05-03;131.7
2017-05-04;131.4
2017-05-05;124.7
2017-05-06;120.7
2017-05-07;121.7
2017-05-08;116.6
2017-05-09;112.8
2017-05-10;106.7
2017-05-11;104.4
2017-05-12;103.1
2017-05-13;100.4
2017-05-14;95.0
2017-05-15;90.7
2017-05-16;83.5
2017-05-17;78.3
2017-05-18;74.5
2017-05-19;69.7
2017-05-20;68.0
2017-05-21;62.9
2017-05-22;58.8
2017-05-23;52.2
2017-05-24;42.8
2017-05-25;32.9
2017-05-26;24.3
2017-05-27;13.9
2017-09-02;4.5
2017-09-10;6.6
2017-09-16;5.8
2017-09-17;3.8
2017-11-05;14.2
2017-11-06;49.5
2017-11-07;46.5
2017-11-08;45.3
2017-11-09;42.0
2017-11-10;38.6
2017-11-11;38.5
2017-11-12;38.7
2017-11-13;64.1
2017-11-14;58.6
2017-11-15;55.3
2017-11-16;53.6
2017-11-17;52.1
2017-11-18;51.1
2017-11-19;53.5
2017-11-20;54.8
2017-11-21;53.0
2017-11-22;52.0
2017-11-23;51.3
2017-11-24;50.2
2017-11-25;54.5
2017-11-26;60.1
2017-11-27;58.7
2017-11-28;57.4
2017-11-29;58.8
2017-11-30;67.1
2017-12-01;65.5
2017-12-02;63.2
2017-12-03;62.0
2017-12-04;61.9
2017-12-05;61.1
2017-12-06;60.0
2017-12-07;60.2
2017-12-08;60.6
2017-12-09;64.5
2017-12-10;64.3
2017-12-11;81.0
2017-12-12;103.8
2017-12-13;102.8
2017-12-14;99.0
2017-12-15;93.7
2017-12-16;92.4
2017-12-17;90.8
2017-12-18;89.6
2017-12-19;88.8
2017-12-20;88.2
2017-12-21;87.0
2017-12-22;88.0
2017-12-23;88.4
2017-12-24;86.8
2017-12-25;86.9
2017-12-26;87.5
2017-12-27;98.6
2017-12-28;119.4
2017-12-29;122.8
2017-12-30;128.7
2017-12-31;132.0
2018-01-01;137.9
2018-01-02;142.2
2018-01-03;150.3
2018-01-04;164.8
2018-01-05;160.6
2018-01-06;156.4
2018-01-07;152.1
2018-01-08;148.6
2018-01-09;158.6
2018-01-10;156.1
2018-01-11;151.7
2018-01-12;149.3
2018-01-13;148.5
2018-01-14;146.4
2018-01-15;144.1
2018-01-16;143.9
2018-01-17;161.6
2018-01-18;188.1
2018-01-19;189.2
2018-01-20;190.0
2018-01-21;218.2
2018-01-22;235.0
2018-01-23;230.7
2018-01-24;222.6
2018-01-25;217.6
2018-01-26;214.6
2018-01-27;210.2
2018-01-28;207.4
2018-01-29;204.6
2018-01-30;201.6
2018-01-31;198.8
2018-02-01;208.3
2018-02-02;229.2
2018-02-03;222.3
2018-02-04;217.8
2018-02-05;214.7
2018-02-06;210.4
2018-02-07;208.8
2018-02-08;205.8
2018-02-09;204.0
2018-02-10;212.9
2018-02-11;208.3
2018-02-12;212.8
2018-02-13;213.0
2018-02-14;210.6
2018-02-15;210.2
2018-02-16;210.7
2018-02-17;209.0
2018-02-18;211.5
2018-02-19;208.5
2018-02-20;207.9
2018-02-21;206.3
2018-02-22;204.8
2018-02-23;203.1
2018-02-24;201.9
2018-02-25;201.6
2018-02-26;201.1
2018-02-27;200.2
2018-02-28;199.2
2018-03-01;201.0
2018-03-02;203.8
2018-03-03;209.5
2018-03-04;207.9
2018-03-05;206.8
2018-03-06;207.1
2018-03-07;213.6
2018-03-08;219.6
2018-03-09;216.8
2018-03-10;215.3
2018-03-11;215.6
2018-03-12;222.1
2018-03-13;221.5
2018-03-14;217.2
2018-03-15;217.3
2018-03-16;222.0
2018-03-17;222.0
2018-03-18;229.7
2018-03-19;232.1
2018-03-20;229.8
2018-03-21;227.6
2018-03-22;225.0
2018-03-23;226.4
2018-03-24;224.1
2018-03-25;222.3
2018-03-26;221.5
2018-03-27;219.3
2018-03-28;218.5
2018-03-29;218.8
2018-03-30;226.1
2018-03-31;236.1
2018-04-01;240.1
2018-04-02;235.5
2018-04-03;235.6
2018-04-04;237.2
2018-04-05;236.8
2018-04-06;228.4
2018-04-07;227.1
2018-04-08;224.3
2018-04-09;221.3
2018-04-10;220.1
2018-04-11;217.6
2018-04-12;229.2
2018-04-13;231.2
2018-04-14;223.8
2018-04-15;221.3
2018-04-16;222.0
2018-04-17;216.7
2018-04-18;210.8
2018-04-19;204.9
2018-04-20;198.7
2018-04-21;192.3
2018-04-22;187.2
2018-04-23;183.1
2018-04-24;177.2
2018-04-25;170.7
2018-04-26;167.4
2018-04-27;163.9
2018-04-28;159.4
2018-04-29;155.9
2018-04-30;152.8
2018-05-01;151.1
2018-05-02;151.6
2018-05-03;149.0
2018-05-04;144.3
2018-05-05;137.5
2018-05-06;132.5
2018-05-07;128.7
2018-05-08;123.5
2018-05-09;120.5
2018-05-10;119.2
2018-05-11;117.0
2018-05-12;113.3
2018-05-13;112.8
2018-05-14;108.4
2018-05-15;108.9
2018-05-16;105.4
2018-05-17;103.0
2018-05-18;101.5
2018-05-19;100.1
2018-05-20;97.4
2018-05-21;93.9
2018-05-22;91.3
2018-05-23;85.9
2018-05-24;82.7
2018-05-25;74.4
2018-05-26;69.2
2018-05-27;59.6
2018-05-28;52.5
2018-05-29;46.2
2018-05-30;39.2
2018-05-31;28.9
2018-06-01;14.2
2018-10-27;11.2
2018-10-28;57.2
2018-10-29;54.9
2018-10-30;54.3
2018-10-31;51.3
2018-11-01;56.8
2018-11-02;60.1
2018-11-03;57.2
2018-11-04;52.3
2018-11-05;49.5
2018-11-06;46.9
2018-11-07;44.5
2018-11-08;42.2
2018-11-09;43.3
2018-11-10;42.0
2018-11-11;41.8
2018-11-12;41.1
2018-11-13;38.3
2018-11-14;38.2
2018-11-15;37.2
2018-11-16;38.4
2018-11-17;38.3
2018-11-18;38.8
2018-11-19;44.1
2018-11-20;47.4
2018-11-21;46.0
2018-11-22;45.0
2018-11-23;46.5
2018-11-24;61.2
2018-11-25;62.1
2018-11-26;59.8
2018-11-27;63.5
2018-11-28;67.8
2018-11-29;67.3
2018-11-30;67.1
2018-12-01;66.4
2018-12-02;67.4
2018-12-03;67.6
2018-12-04;73.0
2018-12-05;72.2
2018-12-06;71.8
2018-12-07;71.1
2018-12-08;75.1
2018-12-09;84.2
2018-12-10;111.0
2018-12-11;114.5
2018-12-12;109.3
2018-12-13;106.9
2018-12-14;104.8
2018-12-15;102.8
2018-12-16;102.4
2018-12-17;101.1
2018-12-18;99.6
2018-12-19;99.9
2018-12-20;102.6
2018-12-21;101.4
2018-12-22;113.0
2018-12-23;124.3
2018-12-24;129.8
2018-12-25;125.8
2018-12-26;116.8
2018-12-27;117.7
2018-12-28;117.7
2018-12-29;117.9
2018-12-30;117.8
2018-12-31;117.3
2019-01-01;116.0
2019-01-02;116.1
2019-01-03;116.8
2019-01-04;116.4
2019-01-05;116.2
2019-01-06;116.8
2019-01-07;116.5
2019-01-08;116.5
2019-01-09;124.9
2019-01-10;129.3
2019-01-11;127.8
2019-01-12;125.9
2019-01-13;132.6
2019-01-14;160.9
2019-01-15;163.2
2019-01-16;157.9
2019-01-17;156.1
2019-01-18;156.6
2019-01-19;154.4
2019-01-20;153.0
2019-01-21;151.8
2019-01-22;150.6
2019-01-23;150.1
2019-01-24;149.4
2019-01-25;148.7
2019-01-26;145.0
2019-01-27;148.2
2019-01-28;152.5
2019-01-29;149.7
2019-01-30;148.5
2019-01-31;149.7
2019-02-01;164.2
2019-02-02;195.5
2019-02-03;192.3
2019-02-04;191.9
2019-02-05;188.3
2019-02-06;185.8
2019-02-07;183.9
2019-02-08;182.8
2019-02-09;181.2
2019-02-10;182.7
2019-02-11;198.4
2019-02-12;196.2
2019-02-13;192.8
2019-02-14;190.0
2019-02-15;187.9
2019-02-16;186.5
2019-02-17;185.1
2019-02-18;183.6
2019-02-19;182.7
2019-02-20;182.1
2019-02-21;181.1
2019-02-22;180.4
2019-02-23;178.6
2019-02-24;177.8
2019-02-25;176.9
2019-02-26;176.1
2019-02-27;175.7
2019-02-28;175.1
2019-03-01;175.8
2019-03-02;175.3
2019-03-03;173.9
2019-03-04;176.9
2019-03-05;188.3
2019-03-06;184.4
2019-03-07;187.3
2019-03-08;191.0
2019-03-09;189.3
2019-03-10;190.7
2019-03-11;194.8
2019-03-12;199.0
2019-03-13;197.5
2019-03-14;198.6
2019-03-15;218.9
2019-03-16;216.3
2019-03-17;212.3
2019-03-18;229.4
2019-03-19;225.6
2019-03-20;221.0
2019-03-21;218.2
2019-03-22;215.5
2019-03-23;211.8
2019-03-24;208.4
2019-03-25;208.0
2019-03-26;207.0
2019-03-27;205.4
2019-03-28;203.8
2019-03-29;203.0
2019-03-30;202.1
2019-03-31;200.9
2019-04-01;200.1
2019-04-02;201.0
2019-04-03;209.7
2019-04-04;232.4
2019-04-05;258.1
2019-04-06;244.2
2019-04-07;239.1
2019-04-08;237.2
2019-04-09;240.3
2019-04-10;239.3
2019-04-11;234.3
2019-04-12;231.7
2019-04-13;229.2
2019-04-14;245.1
2019-04-15;238.1
2019-04-16;233.9
2019-04-17;231.8
2019-04-18;230.8
2019-04-19;228.6
2019-04-20;225.1
2019-04-21;219.8
2019-04-22;217.6
2019-04-23;214.8
2019-04-24;217.1
2019-04-25;216.0
2019-04-26;218.5
2019-04-27;220.9
2019-04-28;220.7
2019-04-29;227.0
2019-04-30;229.3
2019-05-01;225.1
2019-05-02;221.9
2019-05-03;224.0
2019-05-04;221.0
2019-05-05;234.6
2019-05-06;236.7
2019-05-07;233.7
2019-05-08;231.8
2019-05-09;229.8
2019-05-10;223.8
2019-05-11;225.4
2019-05-12;239.5
2019-05-13;234.3
2019-05-14;231.6
2019-05-15;228.2
2019-05-16;225.2
2019-05-17;226.6
2019-05-18;226.7
2019-05-19;226.8
2019-05-20;228.9
2019-05-21;225.1
2019-05-22;219.8
2019-05-23;214.5
2019-05-24;209.6
2019-05-25;208.7
2019-05-26;205.4
2019-05-27;202.5
2019-05-28;199.3
2019-05-29;201.4
2019-05-30;195.2
2019-05-31;189.3
2019-06-01;181.1
2019-06-02;174.0
2019-06-03;166.8
2019-06-04;159.0
2019-06-05;152.3
2019-06-06;145.0
2019-06-07;136.6
2019-06-08;126.3
2019-06-09;118.6
2019-06-10;106.8
2019-06-11;94.1
2019-06-12;82.9
2019-06-13;74.9
2019-06-14;67.4
2019-06-15;51.2
2019-06-16;38.6
2019-06-17;23.1
2019-06-18;9.2
2019-09-08;24.3
2019-09-09;15.8
2019-09-10;7.9
2019-11-04;21.3
2019-11-05;40.1
2019-11-06;43.0
2019-11-07;40.3
2019-11-08;57.6
2019-11-09;56.0
2019-11-10;51.3
2019-11-11;51.4
2019-11-12;65.0
2019-11-13;81.1
2019-11-14;76.2
2019-11-15;89.9
2019-11-16;96.5
2019-11-17;105.7
2019-11-18;105.7
2019-11-19;110.4
2019-11-20;104.5
2019-11-21;100.8
2019-11-22;97.8
2019-11-23;96.2
2019-11-24;91.6
2019-11-25;88.0
2019-11-26;85.5
2019-11-27;89.7
2019-11-28;91.8
2019-11-29;88.7
2019-11-30;84.9
2019-12-01;87.2
2019-12-02;98.7
2019-12-03;94.1
2019-12-04;91.9
2019-12-05;89.2
2019-12-06;87.6
2019-12-07;86.1
2019-12-08;84.6
2019-12-09;83.7
2019-12-10;91.8
2019-12-11;92.0
2019-12-12;98.2
2019-12-13;102.9
2019-12-14;110.3
2019-12-15;114.1
2019-12-16;111.2
2019-12-17;111.3
2019-12-18;117.8
2019-12-19;116.2
2019-12-20;116.0
2019-12-21;137.5
2019-12-22;143.0
2019-12-23;148.3
2019-12-24;152.3
2019-12-25;161.1
2019-12-26;159.1
2019-12-27;155.6
2019-12-28;153.2
2019-12-29;153.1
2019-12-30;151.3
2019-12-31;149.3
2020-01-01;147.6
2020-01-02;146.6
2020-01-03;145.3
2020-01-04;144.9
2020-01-05;143.5
2020-01-06;141.9
2020-01-07;141.6
2020-01-08;140.6
2020-01-09;140.1
2020-01-10;139.8
2020-01-11;139.2
2020-01-12;137.8
2020-01-13;137.6
2020-01-14;137.6
2020-01-15;137.4
2020-01-16;136.6
2020-01-17;137.1
2020-01-18;140.6
2020-01-19;141.9
2020-01-20;141.5
2020-01-21;140.6
2020-01-22;139.9
2020-01-23;139.7
2020-01-24;139.5
2020-01-25;139.6
2020-01-26;139.4
2020-01-27;139.3
2020-01-28;145.8
2020-01-29;162.6
2020-01-30;167.8
2020-01-31;165.1
2020-02-01;162.6
2020-02-02;161.8
2020-02-03;160.0
2020-02-04;171.1
2020-02-05;172.6
2020-02-06;166.6
2020-02-07;165.0
2020-02-08;164.3
2020-02-09;163.6
2020-02-10;162.1
2020-02-11;162.9
2020-02-12;158.7
2020-02-13;158.0
2020-02-14;169.8
2020-02-15;171.3
2020-02-16;169.4
2020-02-17;168.1
2020-02-18;170.5
2020-02-19;171.7
2020-02-20;172.4
2020-02-21;171.0
2020-02-22;169.0
2020-02-23;167.5
2020-02-24;164.6
2020-02-25;163.2
2020-02-26;165.9
2020-02-27;167.1
2020-02-28;179.1
2020-02-29;177.1
2020-03-01;177.7
2020-03-02;182.5
2020-03-03;203.7
2020-03-04;200.1
2020-03-05;198.8
2020-03-06;204.2
2020-03-07;207.9
2020-03-08;204.5
2020-03-09;206.2
2020-03-10;210.4
2020-03-11;207.9
2020-03-12;200.4
2020-03-13;198.1
2020-03-14;207.5
2020-03-15;209.6
2020-03-16;204.5
2020-03-17;200.5
2020-03-18;197.2
2020-03-19;194.8
2020-03-20;193.8
2020-03-21;193.7
2020-03-22;192.4
2020-03-23;190.9
2020-03-24;190.5
2020-03-25;190.1
2020-03-26;191.0
2020-03-27;189.8
2020-03-28;188.6
2020-03-29;187.4
2020-03-30;196.8
2020-03-31;201.4
2020-04-01;199.4
2020-04-02;198.0
2020-04-03;197.1
2020-04-04;194.7
2020-04-05;191.8
2020-04-06;189.6
2020-04-07;186.9
2020-04-08;184.3
2020-04-09;181.3
2020-04-10;178.0
2020-04-11;174.9
2020-04-12;171.3
2020-04-13;168.1
2020-04-14;164.1
2020-04-15;164.2
2020-04-16;162.1
2020-04-17;158.0
2020-04-18;153.7
2020-04-19;150.3
2020-04-20;149.3
2020-04-21;144.8
2020-04-22;141.7
2020-04-23;139.4
2020-04-24;135.3
2020-04-25;132.9
2020-04-26;128.5
2020-04-27;126.3
2020-04-28;124.8
2020-04-29;125.3
2020-04-30;126.7
2020-05-01;133.3
2020-05-02;125.3
2020-05-03;123.1
2020-05-04;119.2
2020-05-05;115.1
2020-05-06;112.1
2020-05-07;108.0
2020-05-08;103.2
2020-05-09;98.6
2020-05-10;94.6
2020-05-11;90.5
2020-05-12;87.5
2020-05-13;84.4
2020-05-14;76.9
2020-05-15;71.0
2020-05-16;70.4
2020-05-17;64.6
2020-05-18;58.7
2020-05-19;53.3
2020-05-20;47.5
2020-05-21;37.7
2020-05-22;27.5
2020-05-23;19.2
2020-09-26;19.3
2020-09-27;12.8
2020-09-28;8.7
2020-10-05;22.0
2020-10-06;14.2
2020-10-07;13.0
2020-10-08;8.1
2020-10-09;2.5
2020-10-10;1.2
2020-10-11;9.1
2020-10-12;8.1
2020-10-13;5.9
2020-10-14;2.5
2020-10-15;3.5
2020-10-16;5.2
2020-10-17;1.4
2020-10-18;2.1
2020-10-19;1.9
2020-10-20;1.8
2020-10-21;2.3
2020-10-22;1.9
2020-10-23;1.5
2020-10-24;2.9
2020-10-25;2.5
2020-10-26;18.9
2020-10-27;51.4
2020-10-28;45.7
2020-10-29;42.6
2020-10-30;38.2
2020-10-31;34.0
2020-11-01;31.7
2020-11-02;26.8
2020-11-03;21.9
2020-11-04;18.7
2020-11-05;17.4
2020-11-06;16.6
2020-11-07;15.2
2020-11-08;15.1
2020-11-09;15.7
2020-11-10;15.2
2020-11-11;16.0
2020-11-12;16.6
2020-11-13;15.7
2020-11-14;15.7
2020-11-15;15.0
2020-11-16;19.4
2020-11-17;19.4
2020-11-18;17.8
2020-11-19;16.8
2020-11-20;25.2
2020-11-21;23.1
2020-11-22;22.7
2020-11-23;21.0
2020-11-24;21.0
2020-11-25;22.6
2020-11-26;23.8
2020-11-27;24.2
2020-11-28;23.8
2020-11-29;22.6
2020-11-30;22.2
2020-12-01;26.4
2020-12-02;29.6
2020-12-03;29.4
2020-12-04;46.1
2020-12-05;94.9
2020-12-06;113.1
2020-12-07;119.3
2020-12-08;118.2
2020-12-09;120.6
2020-12-10;120.4
2020-12-11;115.2
2020-12-12;108.3
2020-12-13;104.8
2020-12-14;101.7
2020-12-15;99.3
2020-12-16;100.9
2020-12-17;97.1
2020-12-18;95.6
2020-12-19;94.4
2020-12-20;93.6
2020-12-21;91.6
2020-12-22;93.8
2020-12-23;91.5
2020-12-24;91.8
2020-12-25;94.1
2020-12-26;97.1
2020-12-27;96.4
2020-12-28;110.7
2020-12-29;119.1
2020-12-30;119.7
2020-12-31;116.3
2021-01-01;115.8
2021-01-02;117.6
2021-01-03;117.9
2021-01-04;116.6
2021-01-05;115.0
2021-01-06;116.5
2021-01-07;113.6
2021-01-08;112.4
2021-01-09;111.0
2021-01-10;109.7
2021-01-11;109.4
2021-01-12;108.8
2021-01-13;125.7
2021-01-14;163.4
2021-01-15;167.2
2021-01-16;164.5
2021-01-17;164.7
2021-01-18;163.5
2021-01-19;161.1
2021-01-20;160.0
2021-01-21;160.4
2021-01-22;177.2
2021-01-23;197.0
2021-01-24;195.0
2021-01-25;191.7
2021-01-26;189.2
2021-01-27;188.4
2021-01-28;195.7
2021-01-29;214.3
2021-01-30;218.1
2021-01-31;216.5
2021-02-01;212.3
2021-02-02;208.7
2021-02-03;207.2
2021-02-04;204.8
2021-02-05;203.2
2021-02-06;200.8
2021-02-07;216.5
2021-02-08;235.8
2021-02-09;229.5
2021-02-10;232.8
2021-02-11;231.2
2021-02-12;227.3
2021-02-13;224.3
2021-02-14;221.4
2021-02-15;219.4
2021-02-16;217.9
2021-02-17;216.1
2021-02-18;213.9
2021-02-19;212.8
2021-02-20;211.1
2021-02-21;209.8
2021-02-22;208.7
2021-02-23;206.6
2021-02-24;204.6
2021-02-25;203.2
2021-02-26;202.1
2021-02-27;201.8
2021-02-28;200.6
2021-03-01;199.5
2021-03-02;198.9
2021-03-03;198.4
2021-03-04;197.8
2021-03-05;197.2
2021-03-06;196.7
2021-03-07;197.0
2021-03-08;196.4
2021-03-09;196.0
2021-03-10;195.9
2021-03-11;194.9
2021-03-12;194.6
2021-03-13;194.5
2021-03-14;206.5
2021-03-15;213.5
2021-03-16;214.1
2021-03-17;212.0
2021-03-18;210.8
2021-03-19;208.9
2021-03-20;208.4
2021-03-21;206.4
2021-03-22;204.7
2021-03-23;203.7
2021-03-24;202.3
2021-03-25;201.0
2021-03-26;200.3
2021-03-27;199.0
2021-03-28;197.6
2021-03-29;195.3
2021-03-30;193.8
2021-03-31;189.4
2021-04-01;185.1
2021-04-02;182.7
2021-04-03;182.2
2021-04-04;181.0
2021-04-05;178.9
2021-04-06;179.5
2021-04-07;179.4
2021-04-08;177.8
2021-04-09;177.0
2021-04-10;178.3
2021-04-11;178.9
2021-04-12;196.1
2021-04-13;215.1
2021-04-14;211.2
2021-04-15;216.6
2021-04-16;213.1
2021-04-17;209.3
2021-04-18;207.1
2021-04-19;206.2
2021-04-20;205.2
2021-04-21;203.7
2021-04-22;202.1
2021-04-23;198.8
2021-04-24;195.8
2021-04-25;193.4
2021-04-26;193.6
2021-04-27;191.2
2021-04-28;188.8
2021-04-29;186.8
2021-04-30;187.5
2021-05-01;184.5
2021-05-02;195.5
2021-05-03;188.5
2021-05-04;185.5
2021-05-05;181.7
2021-05-06;179.4
2021-05-07;178.5
2021-05-08;174.2
2021-05-09;170.8
2021-05-10;165.4
2021-05-11;157.2
2021-05-12;158.4
2021-05-13;154.0
2021-05-14;155.9
2021-05-15;156.1
2021-05-16;155.8
2021-05-17;153.7
2021-05-18;152.1
2021-05-19;152.8
2021-05-20;144.4
2021-05-21;142.6
2021-05-22;144.1
2021-05-23;142.6
2021-05-24;140.8
2021-05-25;139.3
2021-05-26;133.2
2021-05-27;127.9
2021-05-28;121.6
2021-05-29;119.4
2021-05-30;114.6
2021-05-31;108.9
2021-06-01;104.5
2021-06-02;101.0
2021-06-03;96.5
2021-06-04;93.5
2021-06-05;89.9
2021-06-06;85.3
2021-06-07;78.4
2021-06-08;73.6
2021-06-09;70.4
2021-06-10;66.4
2021-06-11;58.6
2021-06-12;49.8
2021-06-13;35.3
2021-06-14;24.4
2021-06-15;13.4
2021-10-06;12.6
2021-10-07;7.5
2021-10-08;2.8
2021-10-09;2.6
2021-10-10;3.0
2021-10-11;3.0
2021-10-12;3.8
2021-10-13;3.9
2021-11-01;16.5
2021-11-02;33.3
2021-11-03;36.6
2021-11-04;62.5
2021-11-05;56.4
2021-11-06;51.2
2021-11-07;47.9
2021-11-08;45.3
2021-11-09;43.4
2021-11-10;40.6
2021-11-11;37.1
2021-11-12;36.0
2021-11-13;36.1
2021-11-14;44.5
2021-11-15;44.0
2021-11-16;42.4
2021-11-17;43.8
2021-11-18;41.3
2021-11-19;40.7
2021-11-20;40.1
2021-11-21;41.0
2021-11-22;40.7
2021-11-23;37.8
2021-11-24;37.0
2021-11-25;37.1
2021-11-26;43.6
2021-11-27;56.8
2021-11-28;69.2
2021-11-29;65.3
2021-11-30;63.7
2021-12-01;61.4
2021-12-02;62.5
2021-12-03;61.2
2021-12-04;60.0
2021-12-05;67.3
2021-12-06;65.0
2021-12-07;65.0
2021-12-08;75.0
2021-12-09;90.3
2021-12-10;85.9
2021-12-11;85.5
2021-12-12;88.0
2021-12-13;83.6
2021-12-14;80.9
2021-12-15;79.4
2021-12-16;77.5
2021-12-17;76.6
2021-12-18;75.7
2021-12-19;75.1
2021-12-20;74.4
2021-12-21;74.6
2021-12-22;74.1
2021-12-23;74.0
2021-12-24;74.4
2021-12-25;74.3
2021-12-26;74.0
2021-12-27;74.1
2021-12-28;73.9
2021-12-29;77.3
2021-12-30;79.6
2021-12-31;77.9
2022-01-01;76.9
2022-01-02;76.0
2022-01-03;75.1
2022-01-04;74.5
2022-01-05;85.4
2022-01-06;92.2
2022-01-07;90.3
2022-01-08;89.4
2022-01-09;88.8
2022-01-10;88.1
2022-01-11;87.1
2022-01-12;86.3
2022-01-13;85.7
2022-01-14;85.4
2022-01-15;85.4
2022-01-16;85.5
2022-01-17;84.3
2022-01-18;82.5
2022-01-19;82.8
2022-01-20;83.5
2022-01-21;83.6
2022-01-22;83.1
2022-01-23;82.5
2022-01-24;82.4
2022-01-25;82.3
2022-01-26;82.3
2022-01-27;82.2
2022-01-28;82.3
2022-01-29;81.4
2022-01-30;81.2
2022-01-31;84.0
2022-02-01;93.9
2022-02-02;110.0
2022-02-03;111.5
2022-02-04;108.3
2022-02-05;106.6
2022-02-06;105.3
2022-02-07;123.5
2022-02-08;126.9
2022-02-09;122.1
2022-02-10;120.1
2022-02-11;119.9
2022-02-12;118.2
2022-02-13;117.1
2022-02-14;117.7
2022-02-15;132.0
2022-02-16;131.0
2022-02-17;131.9
2022-02-18;130.7
2022-02-19;129.7
2022-02-20;128.5
2022-02-21;127.6
2022-02-22;129.9
2022-02-23;128.7
2022-02-24;126.5
2022-02-25;126.1
2022-02-26;125.3
2022-02-27;124.0
2022-02-28;124.0
2022-03-01;121.0
2022-03-02;121.9
2022-03-03;122.1
2022-03-04;122.6
2022-03-05;121.9
2022-03-06;121.7
2022-03-07;121.4
2022-03-08;121.2
2022-03-09;120.9
2022-03-10;120.3
2022-03-11;120.8
2022-03-12;121.3
2022-03-13;120.4
2022-03-14;119.2
2022-03-15;122.1
2022-03-16;120.2
2022-03-17;117.8
2022-03-18;117.8
2022-03-19;116.4
2022-03-20;114.8
2022-03-21;114.4
2022-03-22;114.4
2022-03-23;114.6
2022-03-24;113.3
2022-03-25;111.5
2022-03-26;110.5
2022-03-27;109.2
2022-03-28;107.7
2022-03-29;106.4
2022-03-30;106.4
2022-03-31;107.6
2022-04-01;124.6
2022-04-02;131.6
2022-04-03;127.9
2022-04-04;125.0
2022-04-05;120.3
2022-04-06;116.3
2022-04-07;114.1
2022-04-08;114.8
2022-04-09;124.7
2022-04-10;121.2
2022-04-11;117.2
2022-04-12;112.7
2022-04-13;109.9
2022-04-14;107.6
2022-04-15;102.4
2022-04-16;100.6
2022-04-17;95.3
2022-04-18;91.9
2022-04-19;89.1
2022-04-20;85.7
2022-04-21;84.8
2022-04-22;83.3
2022-04-23;84.2
2022-04-24;95.7
2022-04-25;90.8
2022-04-26;90.2
2022-04-27;85.9
2022-04-28;81.1
2022-04-29;77.1
2022-04-30;81.0
2022-05-01;80.5
2022-05-02;78.7
2022-05-03;80.3
2022-05-04;81.6
2022-05-05;82.4
2022-05-06;80.1
2022-05-07;77.6
2022-05-08;71.1
2022-05-09;65.5
2022-05-10;60.4
2022-05-11;54.1
2022-05-12;44.7
2022-05-13;35.1
2022-05-14;27.5
2022-05-15;18.3
2022-05-16;9.1
2022-11-04;25.6
2022-11-05;25.4
2022-11-06;20.2
2022-11-07;19.0
2022-11-08;18.9
2022-11-09;17.5
2022-11-10;13.9
2022-11-11;12.3
2022-11-12;12.3
2022-11-13;12.5
2022-11-14;15.4
2022-11-15;12.8
2022-11-16;14.1
2022-11-17;14.5
2022-11-18;19.6
2022-11-19;21.7
2022-11-20;22.4
2022-11-21;22.5
2022-11-22;29.5
2022-11-23;31.2
2022-11-24;30.0
2022-11-25;29.0
2022-11-26;29.0
2022-11-27;28.6
2022-11-28;29.0
2022-11-29;28.6
2022-11-30;28.8
2022-12-01;28.5
2022-12-02;29.2
2022-12-03;30.6
2022-12-04;34.4
2022-12-05;46.2
2022-12-06;44.9
2022-12-07;42.3
2022-12-08;41.2
2022-12-09;49.6
2022-12-10;54.4
2022-12-11;55.8
2022-12-12;54.5
2022-12-13;53.7
2022-12-14;51.7
2022-12-15;52.4
2022-12-16;64.2
2022-12-17;64.2
2022-12-18;62.0
2022-12-19;61.2
2022-12-20;59.5
2022-12-21;58.9
2022-12-22;58.3
2022-12-23;60.4
2022-12-24;59.7
2022-12-25;58.9
2022-12-26;57.2
2022-12-27;57.5
2022-12-28;57.3
2022-12-29;57.2
2022-12-30;56.9
2022-12-31;58.3
2023-01-01;58.8
2023-01-02;58.4
2023-01-03;58.5
2023-01-04;56.8
2023-01-05;58.7
2023-01-06;57.8
2023-01-07;58.1
2023-01-08;62.7
2023-01-09;81.0
2023-01-10;83.5
2023-01-11;82.4
2023-01-12;80.2
2023-01-13;78.8
2023-01-14;77.9
2023-01-15;78.6
2023-01-16;81.5
2023-01-17;83.3
2023-01-18;86.8
2023-01-19;86.9
2023-01-20;87.0
2023-01-21;85.5
2023-01-22;84.3
2023-01-23;83.9
2023-01-24;82.9
2023-01-25;82.9
2023-01-26;83.3
2023-01-27;82.1
2023-01-28;83.0
2023-01-29;82.6
2023-01-30;82.5
2023-01-31;84.0
2023-02-01;84.3
2023-02-02;87.0
2023-02-03;86.5
2023-02-04;95.7
2023-02-05;97.0
2023-02-06;95.9
2023-02-07;95.1
2023-02-08;95.2
2023-02-09;95.1
2023-02-10;94.5
2023-02-11;92.5
2023-02-12;92.8
2023-02-13;93.8
2023-02-14;93.1
2023-02-15;92.4
2023-02-16;91.9
2023-02-17;92.9
2023-02-18;92.8
2023-02-19;92.6
2023-02-20;92.2
2023-02-21;91.5
2023-02-22;91.5
2023-02-23;91.9
2023-02-24;92.0
2023-02-25;91.8
2023-02-26;92.7
2023-02-27;92.6
2023-02-28;94.6
2023-03-01;94.2
2023-03-02;94.1
2023-03-03;93.3
2023-03-04;92.4
2023-03-05;92.2
2023-03-06;93.3
2023-03-07;93.3
2023-03-08;92.5
2023-03-09;94.0
2023-03-10;96.7
2023-03-11;97.9
2023-03-12;97.1
2023-03-13;95.6
2023-03-14;109.7
2023-03-15;110.6
2023-03-16;108.5
2023-03-17;106.9
2023-03-18;105.6
2023-03-19;103.2
2023-03-20;102.3
2023-03-21;99.9
2023-03-22;95.9
2023-03-23;93.8
2023-03-24;94.5
2023-03-25;95.8
2023-03-26;98.0
2023-03-27;98.8
2023-03-28;97.5
2023-03-29;99.8
2023-03-30;96.4
2023-03-31;97.5
2023-04-01;99.5
2023-04-02;97.3
2023-04-03;96.4
2023-04-04;95.6
2023-04-05;95.4
2023-04-06;95.8
2023-04-07;96.0
2023-04-08;96.1
2023-04-09;95.5
2023-04-10;94.0
2023-04-11;92.7
2023-04-12;90.9
2023-04-13;111.4
2023-04-14;111.1
2023-04-15;108.0
2023-04-16;104.9
2023-04-17;101.1
2023-04-18;98.9
2023-04-19;98.0
2023-04-20;103.5
2023-04-21;110.4
2023-04-22;102.5
2023-04-23;96.9
2023-04-24;109.9
2023-04-25;105.0
2023-04-26;103.1
2023-04-27;99.0
2023-04-28;96.7
2023-04-29;93.3
2023-04-30;89.5
2023-05-01;90.1
2023-05-02;93.6
2023-05-03;88.1
2023-05-04;84.1
2023-05-05;78.7
2023-05-06;72.4
2023-05-07;65.7
2023-05-08;64.0
2023-05-09;60.2
2023-05-10;61.6
2023-05-11;66.4
2023-05-12;62.1
2023-05-13;64.1
2023-05-14;65.3
2023-05-15;61.6
2023-05-16;59.3
2023-05-17;58.3
2023-05-18;56.3
2023-05-19;53.1
2023-05-20;49.3
2023-05-21;45.0
2023-05-22;39.1
2023-05-23;33.3
2023-05-24;29.6
2023-05-25;25.0
2023-05-26;18.6
2023-10-31;18.8
2023-11-01;18.9
2023-11-02;22.1
2023-11-03;54.9
2023-11-04;55.8
2023-11-05;59.1
2023-11-06;53.4
2023-11-07;69.2
2023-11-08;68.3
2023-11-09;62.3
2023-11-10;59.9
2023-11-11;57.4
2023-11-12;56.0
2023-11-13;52.7
2023-11-14;47.9
2023-11-15;44.3
2023-11-16;43.1
2023-11-17;48.1
2023-11-18;49.0
2023-11-19;44.3
2023-11-20;41.7
2023-11-21;40.4
2023-11-22;41.4
2023-11-23;40.7
2023-11-24;43.5
2023-11-25;62.7
2023-11-26;64.9
2023-11-27;62.3
2023-11-28;64.2
2023-11-29;65.1
2023-11-30;65.0
2023-12-01;72.8
2023-12-02;103.5
2023-12-03;108.9
2023-12-04;103.4
2023-12-05;99.5
2023-12-06;96.9
2023-12-07;94.6
2023-12-08;95.2
2023-12-09;96.3
2023-12-10;116.1
2023-12-11;116.8
2023-12-12;115.2
2023-12-13;125.4
2023-12-14;128.6
2023-12-15;123.5
2023-12-16;119.6
2023-12-17;116.7
2023-12-18;114.3
2023-12-19;112.6
2023-12-20;111.5
2023-12-21;112.1
2023-12-22;154.7
2023-12-23;142.4
2023-12-24;138.3
2023-12-25;135.4
2023-12-26;133.7
2023-12-27;132.4
2023-12-28;132.1
2023-12-29;131.2
2023-12-30;129.9
2023-12-31;132.5
2024-01-01;144.8
2024-01-02;141.7
2024-01-03;139.3
2024-01-04;141.9
2024-01-05;148.0
2024-01-06;174.9
2024-01-07;175.1
2024-01-08;175.9
2024-01-09;172.4
2024-01-10;169.6
2024-01-11;167.6
2024-01-12;166.9
2024-01-13;164.3
2024-01-14;162.6
2024-01-15;161.1
2024-01-16;161.8
2024-01-17;161.0
2024-01-18;168.0
2024-01-19;174.8
2024-01-20;172.3
2024-01-21;169.6
2024-01-22;168.0
2024-01-23;168.6
2024-01-24;166.2
2024-01-25;164.3
2024-01-26;163.2
2024-01-27;162.1
2024-01-28;160.9
2024-01-29;160.4
2024-01-30;159.7
2024-01-31;159.6
2024-02-01;158.9
2024-02-02;158.6
2024-02-03;158.3
2024-02-04;157.5
2024-02-05;156.7
2024-02-06;155.9
2024-02-07;155.4
2024-02-08;154.8
2024-02-09;158.8
2024-02-10;161.6
2024-02-11;167.0
2024-02-12;166.8
2024-02-13;165.0
2024-02-14;163.6
2024-02-15;162.2
2024-02-16;161.0
2024-02-17;159.4
2024-02-18;157.9
2024-02-19;157.5
2024-02-20;156.7
2024-02-21;156.0
2024-02-22;156.7
2024-02-23;188.1
2024-02-24;198.0
2024-02-25;208.9
2024-02-26;201.9
2024-02-27;217.3
2024-02-28;212.2
2024-02-29;205.4
2024-03-01;205.6
2024-03-02;205.2
2024-03-03;201.0
2024-03-04;198.0
2024-03-05;198.7
2024-03-06;211.2
2024-03-07;206.8
2024-03-08;202.5
2024-03-09;201.7
2024-03-10;207.3
2024-03-11;213.6
2024-03-12;209.4
2024-03-13;209.4
2024-03-14;205.5
2024-03-15;201.4
2024-03-16;200.2
2024-03-17;198.4
2024-03-18;200.6
2024-03-19;201.1
2024-03-20;197.4
2024-03-21;195.1
2024-03-22;192.4
2024-03-23;188.3
2024-03-24;189.3
2024-03-25;187.6
2024-03-26;188.9
2024-03-27;197.0
2024-03-28;207.4
2024-03-29;204.4
2024-03-30;202.6
2024-03-31;222.3
2024-04-01;253.3
2024-04-02;249.2
2024-04-03;243.5
2024-04-04;238.6
2024-04-05;230.9
2024-04-06;221.3
2024-04-07;212.4
2024-04-08;206.4
2024-04-09;202.8
2024-04-10;221.8
2024-04-11;216.7
2024-04-12;206.0
2024-04-13;199.7
2024-04-14;192.9
2024-04-15;188.8
2024-04-16;187.3
2024-04-17;185.3
2024-04-18;184.1
2024-04-19;185.0
2024-04-20;189.2
2024-04-21;188.6
2024-04-22;189.9
2024-04-23;190.4
2024-04-24;190.7
2024-04-25;189.4
2024-04-26;188.2
2024-04-27;188.7
2024-04-28;189.5
2024-04-29;184.4
2024-04-30;180.0
2024-05-01;174.9
2024-05-02;172.0
2024-05-03;168.1
2024-05-04;166.6
2024-05-05;162.3
2024-05-06;158.0
2024-05-07;155.5
2024-05-08;153.0
2024-05-09;148.9
2024-05-10;142.5
2024-05-11;137.0
2024-05-12;133.7
2024-05-13;129.3
2024-05-14;125.9
2024-05-15;122.8
2024-05-16;124.8
2024-05-17;123.5
2024-05-18;116.6
2024-05-19;114.7
2024-05-20;110.3
2024-05-21;108.1
2024-05-22;104.1
2024-05-23;101.8
2024-05-24;100.6
2024-05-25;99.9
2024-05-26;96.5
2024-05-27;92.4
2024-05-28;84.1
2024-05-29;80.0
2024-05-30;74.3
2024-05-31;87.8
2024-06-01;87.3
2024-06-02;78.7
2024-06-03;71.7
2024-06-04;65.8
2024-06-05;58.2
2024-06-06;50.7
2024-06-07;37.5
2024-06-08;27.4
2024-06-09;19.2
2024-06-10;9.8
2024-11-20;11.0
2024-11-21;12.1
2024-11-22;20.7
2024-11-23;19.0
2024-11-24;17.2
2024-11-25;17.6
2024-11-26;17.4
2024-11-27;15.8
2024-11-28;16.1
2024-11-29;16.5
2024-11-30;16.4
2024-12-01;16.3
2024-12-02;16.1
2024-12-03;17.1
2024-12-04;14.6
2024-12-05;14.3
2024-12-06;21.2
2024-12-07;21.9
2024-12-08;24.3
2024-12-09;23.9
2024-12-10;23.0
2024-12-11;22.8
2024-12-12;22.4
2024-12-13;21.7
2024-12-14;21.3
2024-12-15;22.2
2024-12-16;22.4
2024-12-17;22.0
2024-12-18;21.8
2024-12-19;23.9
2024-12-20;43.7
2024-12-21;45.9
2024-12-22;47.8
2024-12-23;54.1
2024-12-24;57.6
2024-12-25;55.2
2024-12-26;53.9
2024-12-27;52.8
2024-12-28;51.7
2024-12-29;51.3
2024-12-30;50.5
2024-12-31;50.1
2025-01-01;49.8
2025-01-02;50.5
2025-01-03;54.2
2025-01-04;53.3
2025-01-05;52.4
2025-01-06;55.6
2025-01-07;80.4
2025-01-08;77.8
2025-01-09;82.3
2025-01-10;85.9
2025-01-11;83.9
2025-01-12;80.7
2025-01-13;77.7
2025-01-14;75.7
2025-01-15;73.9
2025-01-16;72.3
2025-01-17;71.3
2025-01-18;70.4
2025-01-19;71.0
2025-01-20;71.2
2025-01-21;70.2
2025-01-22;69.0
2025-01-23;71.3
2025-01-24;71.6
2025-01-25;71.1
2025-01-26;89.0
2025-01-27;92.4
2025-01-28;118.6
2025-01-29;123.2
2025-01-30;117.7
2025-01-31;114.5
2025-02-01;114.2
2025-02-02;112.2
2025-02-03;110.2
2025-02-04;108.8
2025-02-05;106.9
2025-02-06;105.1
2025-02-07;104.5
2025-02-08;107.7
2025-02-09;121.1
2025-02-10;124.2
2025-02-11;121.0
2025-02-12;119.0
2025-02-13;118.3
2025-02-14;118.3
2025-02-15;116.2
2025-02-16;114.7
2025-02-17;112.8
2025-02-18;111.3
2025-02-19;110.0
2025-02-20;109.2
2025-02-21;108.0
2025-02-22;107.6
2025-02-23;106.2
2025-02-24;104.7
2025-02-25;105.7
2025-02-26;107.7
2025-02-27;107.4
2025-02-28;106.7
2025-03-01;106.3
2025-03-02;105.4
2025-03-03;104.8
2025-03-04;104.5
2025-03-05;104.5
2025-03-06;104.4
2025-03-07;104.0
2025-03-08;103.8
2025-03-09;104.0
2025-03-10;113.1
2025-03-11;114.8
2025-03-12;117.7
2025-03-13;122.4
2025-03-14;142.1
2025-03-15;145.4
2025-03-16;148.1
2025-03-17;146.8
2025-03-18;141.8
2025-03-19;139.5
2025-03-20;137.0
2025-03-21;135.3
2025-03-22;134.4
2025-03-23;145.6
2025-03-24;142.3
2025-03-25;139.1
2025-03-26;136.8
2025-03-27;134.1
2025-03-28;130.7
2025-03-29;135.3
2025-03-30;137.9
2025-03-31;138.5
2025-04-01;136.1
2025-04-02;134.0
2025-04-03;131.7
2025-04-04;129.4
2025-04-05;126.8
2025-04-06;124.0
2025-04-07;122.0
2025-04-08;121.3
2025-04-09;120.5
2025-04-10;118.5
2025-04-11;113.1
2025-04-12;108.0
2025-04-13;105.8
2025-04-14;103.5
2025-04-15;99.9
2025-04-16;97.9
2025-04-17;100.3
2025-04-18;102.2
2025-04-19;98.7
2025-04-20;96.1
2025-04-21;95.4
2025-04-22;90.6
2025-04-23;88.2
2025-04-24;95.2
2025-04-25;92.8
2025-04-26;89.0
2025-04-27;87.6
2025-04-28;84.1
2025-04-29;79.9
2025-04-30;76.5
2025-05-01;73.8
2025-05-02;69.9
2025-05-03;66.2
2025-05-04;62.3
2025-05-05;60.1
2025-05-06;58.6
2025-05-07;60.1
2025-05-08;60.1
2025-05-09;61.4
2025-05-10;60.2
2025-05-11;58.1
2025-05-12;55.0
2025-05-13;51.1
2025-05-14;49.8
2025-05-15;47.6
2025-05-16;45.7
2025-05-17;43.4
2025-05-18;39.9
2025-05-19;35.8
2025-05-20;33.0
2025-05-21;29.7
2025-05-22;36.0
2025-05-23;39.2
2025-05-24;31.3
2025-05-25;28.8
2025-05-26;23.6
2025-05-27;17.0
2025-05-28;9.4
2025-09-25;3.0
2025-10-28;11.2
2025-10-29;8.5
2025-10-30;11.9
2025-10-31;8.8
2025-11-01;4.4
2025-11-02;8.3
2025-11-03;21.4
2025-11-04;16.2
2025-11-05;14.5
2025-11-06;14.0
2025-11-07;14.9
2025-11-08;15.0
2025-11-09;15.6
2025-11-10;14.8
2025-11-11;14.8
2025-11-12;14.5
2025-11-13;14.1
2025-11-14;15.1
2025-11-15;14.1
2025-11-16;16.3
2025-11-17;23.2
2025-11-18;23.3
2025-11-19;23.1
2025-11-20;28.6
2025-11-21;33.7
2025-11-22;32.0
2025-11-23;30.6
2025-11-24;32.7
2025-11-25;45.4
2025-11-26;42.4
2025-11-27;40.0
2025-11-28;38.2
2025-11-29;38.0
2025-11-30;37.1
2025-12-01;37.2
2025-12-02;38.1
2025-12-03;37.4
2025-12-04;37.0
2025-12-05;42.6
2025-12-06;41.0
2025-12-07;41.1
2025-12-08;41.0
2025-12-09;40.6
2025-12-10;39.6
2025-12-11;39.4
2025-12-12;39.0
2025-12-13;37.1
2025-12-14;37.0
2025-12-15;39.3
2025-12-16;43.1
2025-12-17;47.0
2025-12-18;47.7
2025-12-19;47.1
2025-12-20;46.2
2025-12-21;45.5
2025-12-22;45.3
2025-12-23;44.9
2025-12-24;45.0
2025-12-25;45.3
2025-12-26;44.8
2025-12-27;45.2
2025-12-28;45.1
2025-12-29;44.9
2025-12-30;44.0
2025-12-31;44.0
2026-01-01;43.5
2026-01-02;44.1
2026-01-03;44.0
2026-01-04;43.9
2026-01-05;43.7
2026-01-06;44.2
2026-01-07;44.2
2026-01-08;47.0
2026-01-09;51.6
2026-01-10;51.3
2026-01-11;50.3
2026-01-12;50.0
2026-01-13;49.5
2026-01-14;49.4
2026-01-15;49.7
2026-01-16;48.6
2026-01-17;48.1
2026-01-18;48.3
2026-01-19;48.5
2026-01-20;48.8
2026-01-21;48.2
2026-01-22;48.1
2026-01-23;49.9
2026-01-24;56.7
2026-01-25;63.8
2026-01-26;66.4
2026-01-27;65.1
2026-01-28;77.1
2026-01-29;83.6
2026-01-30;80.2
2026-01-31;76.7
2026-02-01;74.8
2026-02-02;73.8
2026-02-03;80.6
2026-02-04;82.1
2026-02-05;82.0
2026-02-06;81.1
2026-02-07;79.3
2026-02-08;78.1
2026-02-09;77.1
2026-02-10;77.2
2026-02-11;77.8
2026-02-12;76.9
2026-02-13;76.0
2026-02-14;82.1
2026-02-15;82.5
2026-02-16;89.8
2026-02-17;99.8
2026-02-18;101.1
2026-02-19;113.6
2026-02-20;125.1
2026-02-21;127.5
2026-02-22;128.3
2026-02-23;122.8
2026-02-24;120.6
2026-02-25;117.2
2026-02-26;115.2
2026-02-27;113.2
2026-02-28;111.7
2026-03-01;110.8
2026-03-02;115.9
2026-03-03;121.2
2026-03-04;114.6
2026-03-05;111.8
2026-03-06;110.4
2026-03-07;109.8
2026-03-08;108.6
2026-03-09;107.8
2026-03-10;105.7
2026-03-11;102.8
2026-03-12;102.1
2026-03-13;101.8
2026-03-14;106.3
2026-03-15;113.8
2026-03-16;112.2
2026-03-17;111.5
2026-03-18;111.7
2026-03-19;110.2
2026-03-20;109.2
2026-03-21;110.6
2026-03-22;118.3
2026-03-23;117.9
2026-03-24;114.2
2026-03-25;114.1
2026-03-26;123.0
2026-03-27;121.8
2026-03-28;120.4
2026-03-29;119.4
2026-03-30;119.1
2026-03-31;119.4
2026-04-01;118.2
2026-04-02;117.5
2026-04-03;116.3
2026-04-04;113.3
2026-04-05;108.0
2026-04-06;102.9
2026-04-07;100.3
2026-04-08;95.9
2026-04-09;91.3
2026-04-10;90.0
2026-04-11;85.9
2026-04-12;83.3
2026-04-13;82.6
2026-04-14;81.8
2026-04-15;78.8
2026-04-16;74.9
2026-04-17;69.9
2026-04-18;66.1
2026-04-19;65.0
2026-04-20;62.3
2026-04-21;59.3
2026-04-22;57.2
2026-04-23;53.2
2026-04-24;49.4
2026-04-25;45.4
2026-04-26;41.2
2026-04-27;36.7
2026-04-28;34.6
2026-04-29;34.1
2026-04-30;30.2
2026-05-01;23.5
2026-05-02;16.5
2026-05-03;10.3
2026-05-15;21.1
2026-05-16;20.0
2026-05-17;11.6
